inactive_months,persona,initial_subscription_group,segment_level,spells_reaching_inactivity_threshold,eventually_returned_in_observed_window,unresolved_at_april_cutoff,spells_with_1_month_followup,returned_within_next_1_month,spells_with_2_month_followup,returned_within_next_2_months,observed_return_lower_bound_pct,return_within_next_1_month_pct,return_within_next_2_months_pct
1,ALL,business,initial_plan,87,1,86,68,1,51,0,1.1,1.5,0.0
1,ALL,free,initial_plan,662,80,582,469,53,291,54,12.1,11.3,18.6
1,ALL,plus,initial_plan,273,29,244,216,22,147,19,10.6,10.2,12.9
1,ALL,start,initial_plan,582,56,526,426,46,255,27,9.6,10.8,10.6
1,ALL,ALL,overall,1604,166,1438,1179,122,744,100,10.3,10.3,13.4
1,Automobile_Trade_Repair,ALL,persona,84,5,79,58,3,39,4,6.0,5.2,10.3
1,BTP,ALL,persona,260,22,238,197,15,123,11,8.5,7.6,8.9
1,Bankers_Insurance,ALL,persona,21,4,17,16,4,12,2,19.0,25.0,16.7
1,Bikers_Drivers,ALL,persona,178,16,162,145,12,99,10,9.0,8.3,10.1
1,Cleaning_CallCenters,ALL,persona,5,0,5,2,0,1,0,0.0,0.0,0.0
1,Consultant,ALL,persona,222,23,199,150,16,90,12,10.4,10.7,13.3
1,Developer_IT,ALL,persona,113,20,93,87,12,56,13,17.7,13.8,23.2
1,Media_Publishing,ALL,persona,44,11,33,28,7,19,8,25.0,25.0,42.1
1,Medical_Professionals,ALL,persona,10,1,9,6,1,4,1,10.0,16.7,25.0
1,Others,ALL,persona,275,24,251,198,19,120,12,8.7,9.6,10.0
1,Professeur,ALL,persona,40,5,35,32,4,19,4,12.5,12.5,21.1
1,Repair,ALL,persona,15,0,15,12,0,8,0,0.0,0.0,0.0
1,Repair_Installation,ALL,persona,1,0,1,0,0,0,0,0.0,,
1,Restauration,ALL,persona,45,7,38,32,5,23,5,15.6,15.6,21.7
1,Retail,ALL,persona,257,26,231,190,22,116,16,10.1,11.6,13.8
1,Wholesale,ALL,persona,34,2,32,26,2,15,2,5.9,7.7,13.3
1,Automobile_Trade_Repair,business,persona_x_initial_plan,3,0,3,3,0,3,0,0.0,0.0,0.0
1,Automobile_Trade_Repair,free,persona_x_initial_plan,26,2,24,17,2,9,2,7.7,11.8,22.2
1,Automobile_Trade_Repair,plus,persona_x_initial_plan,17,2,15,14,1,10,1,11.8,7.1,10.0
1,Automobile_Trade_Repair,start,persona_x_initial_plan,38,1,37,24,0,17,1,2.6,0.0,5.9
1,BTP,business,persona_x_initial_plan,18,0,18,16,0,13,0,0.0,0.0,0.0
1,BTP,free,persona_x_initial_plan,95,12,83,67,8,42,7,12.6,11.9,16.7
1,BTP,plus,persona_x_initial_plan,61,8,53,48,6,31,3,13.1,12.5,9.7
1,BTP,start,persona_x_initial_plan,86,2,84,66,1,37,1,2.3,1.5,2.7
1,Bankers_Insurance,free,persona_x_initial_plan,15,4,11,13,4,9,2,26.7,30.8,22.2
1,Bankers_Insurance,plus,persona_x_initial_plan,1,0,1,0,0,0,0,0.0,,
1,Bankers_Insurance,start,persona_x_initial_plan,5,0,5,3,0,3,0,0.0,0.0,0.0
1,Bikers_Drivers,business,persona_x_initial_plan,11,1,10,9,1,7,0,9.1,11.1,0.0
1,Bikers_Drivers,free,persona_x_initial_plan,62,7,55,53,5,38,7,11.3,9.4,18.4
1,Bikers_Drivers,plus,persona_x_initial_plan,36,1,35,26,0,22,1,2.8,0.0,4.5
1,Bikers_Drivers,start,persona_x_initial_plan,69,7,62,57,6,32,2,10.1,10.5,6.3
1,Cleaning_CallCenters,free,persona_x_initial_plan,1,0,1,1,0,0,0,0.0,0.0,
1,Cleaning_CallCenters,plus,persona_x_initial_plan,1,0,1,0,0,0,0,0.0,,
1,Cleaning_CallCenters,start,persona_x_initial_plan,3,0,3,1,0,1,0,0.0,0.0,0.0
1,Consultant,business,persona_x_initial_plan,6,0,6,6,0,4,0,0.0,0.0,0.0
1,Consultant,free,persona_x_initial_plan,119,15,104,78,9,44,8,12.6,11.5,18.2
1,Consultant,plus,persona_x_initial_plan,25,1,24,18,1,11,1,4.0,5.6,9.1
1,Consultant,start,persona_x_initial_plan,72,7,65,48,6,31,3,9.7,12.5,9.7
1,Developer_IT,business,persona_x_initial_plan,4,0,4,2,0,1,0,0.0,0.0,0.0
1,Developer_IT,free,persona_x_initial_plan,65,9,56,49,4,34,7,13.8,8.2,20.6
1,Developer_IT,plus,persona_x_initial_plan,13,1,12,10,1,6,0,7.7,10.0,0.0
1,Developer_IT,start,persona_x_initial_plan,31,10,21,26,7,15,6,32.3,26.9,40.0
1,Media_Publishing,business,persona_x_initial_plan,1,0,1,0,0,0,0,0.0,,
1,Media_Publishing,free,persona_x_initial_plan,23,5,18,15,2,10,4,21.7,13.3,40.0
1,Media_Publishing,plus,persona_x_initial_plan,3,1,2,3,1,2,1,33.3,33.3,50.0
1,Media_Publishing,start,persona_x_initial_plan,17,5,12,10,4,7,3,29.4,40.0,42.9
1,Medical_Professionals,free,persona_x_initial_plan,4,1,3,1,1,1,1,25.0,100.0,100.0
1,Medical_Professionals,plus,persona_x_initial_plan,1,0,1,1,0,0,0,0.0,0.0,
1,Medical_Professionals,start,persona_x_initial_plan,5,0,5,4,0,3,0,0.0,0.0,0.0
1,Others,business,persona_x_initial_plan,28,0,28,20,0,17,0,0.0,0.0,0.0
1,Others,free,persona_x_initial_plan,91,7,84,59,5,35,4,7.7,8.5,11.4
1,Others,plus,persona_x_initial_plan,52,5,47,43,4,27,3,9.6,9.3,11.1
1,Others,start,persona_x_initial_plan,104,12,92,76,10,41,5,11.5,13.2,12.2
1,Professeur,business,persona_x_initial_plan,2,0,2,2,0,1,0,0.0,0.0,0.0
1,Professeur,free,persona_x_initial_plan,25,4,21,20,3,12,3,16.0,15.0,25.0
1,Professeur,plus,persona_x_initial_plan,2,1,1,2,1,1,1,50.0,50.0,100.0
1,Professeur,start,persona_x_initial_plan,11,0,11,8,0,5,0,0.0,0.0,0.0
1,Repair,business,persona_x_initial_plan,1,0,1,1,0,1,0,0.0,0.0,0.0
1,Repair,free,persona_x_initial_plan,10,0,10,7,0,5,0,0.0,0.0,0.0
1,Repair,plus,persona_x_initial_plan,1,0,1,1,0,0,0,0.0,0.0,
1,Repair,start,persona_x_initial_plan,3,0,3,3,0,2,0,0.0,0.0,0.0
1,Repair_Installation,start,persona_x_initial_plan,1,0,1,0,0,0,0,0.0,,
1,Restauration,business,persona_x_initial_plan,1,0,1,1,0,1,0,0.0,0.0,0.0
1,Restauration,free,persona_x_initial_plan,18,1,17,12,1,8,0,5.6,8.3,0.0
1,Restauration,plus,persona_x_initial_plan,8,3,5,6,1,5,2,37.5,16.7,40.0
1,Restauration,start,persona_x_initial_plan,18,3,15,13,3,9,3,16.7,23.1,33.3
1,Retail,business,persona_x_initial_plan,10,0,10,7,0,3,0,0.0,0.0,0.0
1,Retail,free,persona_x_initial_plan,95,12,83,68,8,39,8,12.6,11.8,20.5
1,Retail,plus,persona_x_initial_plan,46,6,40,38,6,27,6,13.0,15.8,22.2
1,Retail,start,persona_x_initial_plan,106,8,98,77,8,47,2,7.5,10.4,4.3
1,Wholesale,business,persona_x_initial_plan,2,0,2,1,0,0,0,0.0,0.0,
1,Wholesale,free,persona_x_initial_plan,13,1,12,9,1,5,1,7.7,11.1,20.0
1,Wholesale,plus,persona_x_initial_plan,6,0,6,6,0,5,0,0.0,0.0,0.0
1,Wholesale,start,persona_x_initial_plan,13,1,12,10,1,5,1,7.7,10.0,20.0
2,ALL,business,initial_plan,67,0,67,51,0,39,0,0.0,0.0,0.0
2,ALL,free,initial_plan,416,27,389,255,18,145,19,6.5,7.1,13.1
2,ALL,plus,initial_plan,194,7,187,131,3,79,5,3.6,2.3,6.3
2,ALL,start,initial_plan,380,10,370,235,7,118,7,2.6,3.0,5.9
2,ALL,ALL,overall,1057,44,1013,672,28,381,31,4.2,4.2,8.1
2,Automobile_Trade_Repair,ALL,persona,55,2,53,36,1,19,2,3.6,2.8,10.5
2,BTP,ALL,persona,182,7,175,116,4,71,5,3.8,3.4,7.0
2,Bankers_Insurance,ALL,persona,12,0,12,10,0,5,0,0.0,0.0,0.0
2,Bikers_Drivers,ALL,persona,133,4,129,93,4,64,3,3.0,4.3,4.7
2,Cleaning_CallCenters,ALL,persona,2,0,2,1,0,1,0,0.0,0.0,0.0
2,Consultant,ALL,persona,134,7,127,81,3,46,4,5.2,3.7,8.7
2,Developer_IT,ALL,persona,75,8,67,49,6,29,6,10.7,12.2,20.7
2,Media_Publishing,ALL,persona,21,4,17,13,2,7,2,19.0,15.4,28.6
2,Medical_Professionals,ALL,persona,5,0,5,3,0,0,0,0.0,0.0,
2,Others,ALL,persona,179,5,174,112,4,65,4,2.8,3.6,6.2
2,Professeur,ALL,persona,28,1,27,16,1,8,1,3.6,6.3,12.5
2,Repair,ALL,persona,12,0,12,8,0,4,0,0.0,0.0,0.0
2,Restauration,ALL,persona,27,2,25,19,1,9,1,7.4,5.3,11.1
2,Retail,ALL,persona,168,4,164,102,2,48,3,2.4,2.0,6.3
2,Wholesale,ALL,persona,24,0,24,13,0,5,0,0.0,0.0,0.0
2,Automobile_Trade_Repair,business,persona_x_initial_plan,3,0,3,3,0,2,0,0.0,0.0,0.0
2,Automobile_Trade_Repair,free,persona_x_initial_plan,15,0,15,7,0,6,0,0.0,0.0,0.0
2,Automobile_Trade_Repair,plus,persona_x_initial_plan,13,1,12,9,0,3,1,7.7,0.0,33.3
2,Automobile_Trade_Repair,start,persona_x_initial_plan,24,1,23,17,1,8,1,4.2,5.9,12.5
2,BTP,business,persona_x_initial_plan,16,0,16,13,0,8,0,0.0,0.0,0.0
2,BTP,free,persona_x_initial_plan,59,4,55,38,3,21,3,6.8,7.9,14.3
2,BTP,plus,persona_x_initial_plan,42,2,40,28,0,20,1,4.8,0.0,5.0
2,BTP,start,persona_x_initial_plan,65,1,64,37,1,22,1,1.5,2.7,4.5
2,Bankers_Insurance,free,persona_x_initial_plan,9,0,9,7,0,4,0,0.0,0.0,0.0
2,Bankers_Insurance,start,persona_x_initial_plan,3,0,3,3,0,1,0,0.0,0.0,0.0
2,Bikers_Drivers,business,persona_x_initial_plan,8,0,8,7,0,5,0,0.0,0.0,0.0
2,Bikers_Drivers,free,persona_x_initial_plan,48,2,46,33,2,22,1,4.2,6.1,4.5
2,Bikers_Drivers,plus,persona_x_initial_plan,26,1,25,22,1,19,1,3.8,4.5,5.3
2,Bikers_Drivers,start,persona_x_initial_plan,51,1,50,31,1,18,1,2.0,3.2,5.6
2,Cleaning_CallCenters,free,persona_x_initial_plan,1,0,1,0,0,0,0,0.0,,
2,Cleaning_CallCenters,start,persona_x_initial_plan,1,0,1,1,0,1,0,0.0,0.0,0.0
2,Consultant,business,persona_x_initial_plan,6,0,6,4,0,4,0,0.0,0.0,0.0
2,Consultant,free,persona_x_initial_plan,69,6,63,39,3,23,3,8.7,7.7,13.0
2,Consultant,plus,persona_x_initial_plan,17,0,17,10,0,6,0,0.0,0.0,0.0
2,Consultant,start,persona_x_initial_plan,42,1,41,28,0,13,1,2.4,0.0,7.7
2,Developer_IT,business,persona_x_initial_plan,2,0,2,1,0,1,0,0.0,0.0,0.0
2,Developer_IT,free,persona_x_initial_plan,45,5,40,31,4,20,4,11.1,12.9,20.0
2,Developer_IT,plus,persona_x_initial_plan,9,0,9,6,0,2,0,0.0,0.0,0.0
2,Developer_IT,start,persona_x_initial_plan,19,3,16,11,2,6,2,15.8,18.2,33.3
2,Media_Publishing,free,persona_x_initial_plan,13,3,10,8,2,4,2,23.1,25.0,50.0
2,Media_Publishing,plus,persona_x_initial_plan,2,0,2,1,0,1,0,0.0,0.0,0.0
2,Media_Publishing,start,persona_x_initial_plan,6,1,5,4,0,2,0,16.7,0.0,0.0
2,Medical_Professionals,plus,persona_x_initial_plan,1,0,1,0,0,0,0,0.0,,
2,Medical_Professionals,start,persona_x_initial_plan,4,0,4,3,0,0,0,0.0,0.0,
2,Others,business,persona_x_initial_plan,20,0,20,17,0,13,0,0.0,0.0,0.0
2,Others,free,persona_x_initial_plan,54,2,52,32,1,16,2,3.7,3.1,12.5
2,Others,plus,persona_x_initial_plan,39,1,38,25,1,16,1,2.6,4.0,6.3
2,Others,start,persona_x_initial_plan,66,2,64,38,2,20,1,3.0,5.3,5.0
2,Professeur,business,persona_x_initial_plan,2,0,2,1,0,1,0,0.0,0.0,0.0
2,Professeur,free,persona_x_initial_plan,17,1,16,10,1,5,1,5.9,10.0,20.0
2,Professeur,plus,persona_x_initial_plan,1,0,1,0,0,0,0,0.0,,
2,Professeur,start,persona_x_initial_plan,8,0,8,5,0,2,0,0.0,0.0,0.0
2,Repair,business,persona_x_initial_plan,1,0,1,1,0,1,0,0.0,0.0,0.0
2,Repair,free,persona_x_initial_plan,7,0,7,5,0,3,0,0.0,0.0,0.0
2,Repair,plus,persona_x_initial_plan,1,0,1,0,0,0,0,0.0,,
2,Repair,start,persona_x_initial_plan,3,0,3,2,0,0,0,0.0,0.0,
2,Restauration,business,persona_x_initial_plan,1,0,1,1,0,1,0,0.0,0.0,0.0
2,Restauration,free,persona_x_initial_plan,11,0,11,8,0,5,0,0.0,0.0,0.0
2,Restauration,plus,persona_x_initial_plan,5,2,3,4,1,1,1,40.0,25.0,100.0
2,Restauration,start,persona_x_initial_plan,10,0,10,6,0,2,0,0.0,0.0,0.0
2,Retail,business,persona_x_initial_plan,7,0,7,3,0,3,0,0.0,0.0,0.0
2,Retail,free,persona_x_initial_plan,60,4,56,33,2,14,3,6.7,6.1,21.4
2,Retail,plus,persona_x_initial_plan,32,0,32,21,0,9,0,0.0,0.0,0.0
2,Retail,start,persona_x_initial_plan,69,0,69,45,0,22,0,0.0,0.0,0.0
2,Wholesale,business,persona_x_initial_plan,1,0,1,0,0,0,0,0.0,,
2,Wholesale,free,persona_x_initial_plan,8,0,8,4,0,2,0,0.0,0.0,0.0
2,Wholesale,plus,persona_x_initial_plan,6,0,6,5,0,2,0,0.0,0.0,0.0
2,Wholesale,start,persona_x_initial_plan,9,0,9,4,0,1,0,0.0,0.0,0.0
3,ALL,business,initial_plan,51,0,51,39,0,10,0,0.0,0.0,0.0
3,ALL,free,initial_plan,237,9,228,134,8,55,4,3.8,6.0,7.3
3,ALL,plus,initial_plan,128,4,124,77,3,34,1,3.1,3.9,2.9
3,ALL,start,initial_plan,228,3,225,113,2,43,2,1.3,1.8,4.7
3,ALL,ALL,overall,644,16,628,363,13,142,7,2.5,3.6,4.9
3,Automobile_Trade_Repair,ALL,persona,35,1,34,18,1,7,0,2.9,5.6,0.0
3,BTP,ALL,persona,112,3,109,68,2,28,1,2.7,2.9,3.6
3,Bankers_Insurance,ALL,persona,10,0,10,5,0,2,0,0.0,0.0,0.0
3,Bikers_Drivers,ALL,persona,89,0,89,61,0,26,0,0.0,0.0,0.0
3,Cleaning_CallCenters,ALL,persona,1,0,1,1,0,0,0,0.0,0.0,
3,Consultant,ALL,persona,78,4,74,45,3,15,3,5.1,6.7,20.0
3,Developer_IT,ALL,persona,43,2,41,25,2,13,1,4.7,8.0,7.7
3,Media_Publishing,ALL,persona,11,2,9,6,1,1,1,18.2,16.7,100.0
3,Medical_Professionals,ALL,persona,3,0,3,0,0,0,0,0.0,,
3,Others,ALL,persona,108,1,107,62,1,22,0,0.9,1.6,0.0
3,Professeur,ALL,persona,15,0,15,7,0,4,0,0.0,0.0,0.0
3,Repair,ALL,persona,8,0,8,4,0,2,0,0.0,0.0,0.0
3,Restauration,ALL,persona,18,1,17,9,1,4,0,5.6,11.1,0.0
3,Retail,ALL,persona,100,2,98,47,2,16,1,2.0,4.3,6.3
3,Wholesale,ALL,persona,13,0,13,5,0,2,0,0.0,0.0,0.0
3,Automobile_Trade_Repair,business,persona_x_initial_plan,3,0,3,2,0,2,0,0.0,0.0,0.0
3,Automobile_Trade_Repair,free,persona_x_initial_plan,7,0,7,6,0,1,0,0.0,0.0,0.0
3,Automobile_Trade_Repair,plus,persona_x_initial_plan,9,1,8,3,1,1,0,11.1,33.3,0.0
3,Automobile_Trade_Repair,start,persona_x_initial_plan,16,0,16,7,0,3,0,0.0,0.0,0.0
3,BTP,business,persona_x_initial_plan,13,0,13,8,0,2,0,0.0,0.0,0.0
3,BTP,free,persona_x_initial_plan,35,1,34,19,1,6,0,2.9,5.3,0.0
3,BTP,plus,persona_x_initial_plan,28,2,26,20,1,12,1,7.1,5.0,8.3
3,BTP,start,persona_x_initial_plan,36,0,36,21,0,8,0,0.0,0.0,0.0
3,Bankers_Insurance,free,persona_x_initial_plan,7,0,7,4,0,1,0,0.0,0.0,0.0
3,Bankers_Insurance,start,persona_x_initial_plan,3,0,3,1,0,1,0,0.0,0.0,0.0
3,Bikers_Drivers,business,persona_x_initial_plan,7,0,7,5,0,2,0,0.0,0.0,0.0
3,Bikers_Drivers,free,persona_x_initial_plan,31,0,31,21,0,8,0,0.0,0.0,0.0
3,Bikers_Drivers,plus,persona_x_initial_plan,21,0,21,18,0,10,0,0.0,0.0,0.0
3,Bikers_Drivers,start,persona_x_initial_plan,30,0,30,17,0,6,0,0.0,0.0,0.0
3,Cleaning_CallCenters,start,persona_x_initial_plan,1,0,1,1,0,0,0,0.0,0.0,
3,Consultant,business,persona_x_initial_plan,4,0,4,4,0,1,0,0.0,0.0,0.0
3,Consultant,free,persona_x_initial_plan,36,3,33,22,2,9,2,8.3,9.1,22.2
3,Consultant,plus,persona_x_initial_plan,10,0,10,6,0,0,0,0.0,0.0,
3,Consultant,start,persona_x_initial_plan,28,1,27,13,1,5,1,3.6,7.7,20.0
3,Developer_IT,business,persona_x_initial_plan,1,0,1,1,0,1,0,0.0,0.0,0.0
3,Developer_IT,free,persona_x_initial_plan,27,1,26,17,1,9,1,3.7,5.9,11.1
3,Developer_IT,plus,persona_x_initial_plan,6,0,6,2,0,1,0,0.0,0.0,0.0
3,Developer_IT,start,persona_x_initial_plan,9,1,8,5,1,2,0,11.1,20.0,0.0
3,Media_Publishing,free,persona_x_initial_plan,6,1,5,3,1,0,0,16.7,33.3,
3,Media_Publishing,plus,persona_x_initial_plan,1,0,1,1,0,0,0,0.0,0.0,
3,Media_Publishing,start,persona_x_initial_plan,4,1,3,2,0,1,1,25.0,0.0,100.0
3,Medical_Professionals,start,persona_x_initial_plan,3,0,3,0,0,0,0,0.0,,
3,Others,business,persona_x_initial_plan,17,0,17,13,0,1,0,0.0,0.0,0.0
3,Others,free,persona_x_initial_plan,31,1,30,15,1,5,0,3.2,6.7,0.0
3,Others,plus,persona_x_initial_plan,24,0,24,15,0,8,0,0.0,0.0,0.0
3,Others,start,persona_x_initial_plan,36,0,36,19,0,8,0,0.0,0.0,0.0
3,Professeur,business,persona_x_initial_plan,1,0,1,1,0,0,0,0.0,0.0,
3,Professeur,free,persona_x_initial_plan,9,0,9,4,0,3,0,0.0,0.0,0.0
3,Professeur,start,persona_x_initial_plan,5,0,5,2,0,1,0,0.0,0.0,0.0
3,Repair,business,persona_x_initial_plan,1,0,1,1,0,0,0,0.0,0.0,
3,Repair,free,persona_x_initial_plan,5,0,5,3,0,2,0,0.0,0.0,0.0
3,Repair,start,persona_x_initial_plan,2,0,2,0,0,0,0,0.0,,
3,Restauration,business,persona_x_initial_plan,1,0,1,1,0,0,0,0.0,0.0,
3,Restauration,free,persona_x_initial_plan,8,0,8,5,0,4,0,0.0,0.0,0.0
3,Restauration,plus,persona_x_initial_plan,3,1,2,1,1,0,0,33.3,100.0,
3,Restauration,start,persona_x_initial_plan,6,0,6,2,0,0,0,0.0,0.0,
3,Retail,business,persona_x_initial_plan,3,0,3,3,0,1,0,0.0,0.0,0.0
3,Retail,free,persona_x_initial_plan,31,2,29,13,2,6,1,6.5,15.4,16.7
3,Retail,plus,persona_x_initial_plan,21,0,21,9,0,2,0,0.0,0.0,0.0
3,Retail,start,persona_x_initial_plan,45,0,45,22,0,7,0,0.0,0.0,0.0
3,Wholesale,free,persona_x_initial_plan,4,0,4,2,0,1,0,0.0,0.0,0.0
3,Wholesale,plus,persona_x_initial_plan,5,0,5,2,0,0,0,0.0,0.0,
3,Wholesale,start,persona_x_initial_plan,4,0,4,1,0,1,0,0.0,0.0,0.0
4,ALL,business,initial_plan,39,0,39,10,0,3,0,0.0,0.0,0.0
4,ALL,free,initial_plan,126,1,125,52,1,11,0,0.8,1.9,0.0
4,ALL,plus,initial_plan,74,1,73,34,1,9,0,1.4,2.9,0.0
4,ALL,start,initial_plan,111,1,110,42,1,7,0,0.9,2.4,0.0
4,ALL,ALL,overall,350,3,347,138,3,30,0,0.9,2.2,0.0
4,Automobile_Trade_Repair,ALL,persona,17,0,17,7,0,0,0,0.0,0.0,
4,BTP,ALL,persona,66,1,65,28,1,10,0,1.5,3.6,0.0
4,Bankers_Insurance,ALL,persona,5,0,5,2,0,0,0,0.0,0.0,
4,Bikers_Drivers,ALL,persona,61,0,61,26,0,6,0,0.0,0.0,0.0
4,Cleaning_CallCenters,ALL,persona,1,0,1,0,0,0,0,0.0,,
4,Consultant,ALL,persona,42,1,41,13,1,3,0,2.4,7.7,0.0
4,Developer_IT,ALL,persona,23,0,23,12,0,4,0,0.0,0.0,0.0
4,Media_Publishing,ALL,persona,5,1,4,1,1,0,0,20.0,100.0,
4,Others,ALL,persona,61,0,61,22,0,5,0,0.0,0.0,0.0
4,Professeur,ALL,persona,7,0,7,4,0,0,0,0.0,0.0,
4,Repair,ALL,persona,4,0,4,2,0,0,0,0.0,0.0,
4,Restauration,ALL,persona,8,0,8,4,0,0,0,0.0,0.0,
4,Retail,ALL,persona,45,0,45,15,0,2,0,0.0,0.0,0.0
4,Wholesale,ALL,persona,5,0,5,2,0,0,0,0.0,0.0,
4,Automobile_Trade_Repair,business,persona_x_initial_plan,2,0,2,2,0,0,0,0.0,0.0,
4,Automobile_Trade_Repair,free,persona_x_initial_plan,6,0,6,1,0,0,0,0.0,0.0,
4,Automobile_Trade_Repair,plus,persona_x_initial_plan,2,0,2,1,0,0,0,0.0,0.0,
4,Automobile_Trade_Repair,start,persona_x_initial_plan,7,0,7,3,0,0,0,0.0,0.0,
4,BTP,business,persona_x_initial_plan,8,0,8,2,0,1,0,0.0,0.0,0.0
4,BTP,free,persona_x_initial_plan,18,0,18,6,0,3,0,0.0,0.0,0.0
4,BTP,plus,persona_x_initial_plan,19,1,18,12,1,4,0,5.3,8.3,0.0
4,BTP,start,persona_x_initial_plan,21,0,21,8,0,2,0,0.0,0.0,0.0
4,Bankers_Insurance,free,persona_x_initial_plan,4,0,4,1,0,0,0,0.0,0.0,
4,Bankers_Insurance,start,persona_x_initial_plan,1,0,1,1,0,0,0,0.0,0.0,
4,Bikers_Drivers,business,persona_x_initial_plan,5,0,5,2,0,0,0,0.0,0.0,
4,Bikers_Drivers,free,persona_x_initial_plan,21,0,21,8,0,1,0,0.0,0.0,0.0
4,Bikers_Drivers,plus,persona_x_initial_plan,18,0,18,10,0,3,0,0.0,0.0,0.0
4,Bikers_Drivers,start,persona_x_initial_plan,17,0,17,6,0,2,0,0.0,0.0,0.0
4,Cleaning_CallCenters,start,persona_x_initial_plan,1,0,1,0,0,0,0,0.0,,
4,Consultant,business,persona_x_initial_plan,4,0,4,1,0,0,0,0.0,0.0,
4,Consultant,free,persona_x_initial_plan,20,1,19,8,1,2,0,5.0,12.5,0.0
4,Consultant,plus,persona_x_initial_plan,6,0,6,0,0,0,0,0.0,,
4,Consultant,start,persona_x_initial_plan,12,0,12,4,0,1,0,0.0,0.0,0.0
4,Developer_IT,business,persona_x_initial_plan,1,0,1,1,0,0,0,0.0,0.0,
4,Developer_IT,free,persona_x_initial_plan,16,0,16,8,0,3,0,0.0,0.0,0.0
4,Developer_IT,plus,persona_x_initial_plan,2,0,2,1,0,1,0,0.0,0.0,0.0
4,Developer_IT,start,persona_x_initial_plan,4,0,4,2,0,0,0,0.0,0.0,
4,Media_Publishing,free,persona_x_initial_plan,2,0,2,0,0,0,0,0.0,,
4,Media_Publishing,plus,persona_x_initial_plan,1,0,1,0,0,0,0,0.0,,
4,Media_Publishing,start,persona_x_initial_plan,2,1,1,1,1,0,0,50.0,100.0,
4,Others,business,persona_x_initial_plan,13,0,13,1,0,1,0,0.0,0.0,0.0
4,Others,free,persona_x_initial_plan,14,0,14,5,0,1,0,0.0,0.0,0.0
4,Others,plus,persona_x_initial_plan,15,0,15,8,0,1,0,0.0,0.0,0.0
4,Others,start,persona_x_initial_plan,19,0,19,8,0,2,0,0.0,0.0,0.0
4,Professeur,business,persona_x_initial_plan,1,0,1,0,0,0,0,0.0,,
4,Professeur,free,persona_x_initial_plan,4,0,4,3,0,0,0,0.0,0.0,
4,Professeur,start,persona_x_initial_plan,2,0,2,1,0,0,0,0.0,0.0,
4,Repair,business,persona_x_initial_plan,1,0,1,0,0,0,0,0.0,,
4,Repair,free,persona_x_initial_plan,3,0,3,2,0,0,0,0.0,0.0,
4,Restauration,business,persona_x_initial_plan,1,0,1,0,0,0,0,0.0,,
4,Restauration,free,persona_x_initial_plan,5,0,5,4,0,0,0,0.0,0.0,
4,Restauration,start,persona_x_initial_plan,2,0,2,0,0,0,0,0.0,,
4,Retail,business,persona_x_initial_plan,3,0,3,1,0,1,0,0.0,0.0,0.0
4,Retail,free,persona_x_initial_plan,11,0,11,5,0,1,0,0.0,0.0,0.0
4,Retail,plus,persona_x_initial_plan,9,0,9,2,0,0,0,0.0,0.0,
4,Retail,start,persona_x_initial_plan,22,0,22,7,0,0,0,0.0,0.0,
4,Wholesale,free,persona_x_initial_plan,2,0,2,1,0,0,0,0.0,0.0,
4,Wholesale,plus,persona_x_initial_plan,2,0,2,0,0,0,0,0.0,,
4,Wholesale,start,persona_x_initial_plan,1,0,1,1,0,0,0,0.0,0.0,
5,ALL,business,initial_plan,10,0,10,3,0,0,0,0.0,0.0,
5,ALL,free,initial_plan,51,0,51,11,0,0,0,0.0,0.0,
5,ALL,plus,initial_plan,33,0,33,9,0,0,0,0.0,0.0,
5,ALL,start,initial_plan,41,0,41,7,0,0,0,0.0,0.0,
5,ALL,ALL,overall,135,0,135,30,0,0,0,0.0,0.0,
5,Automobile_Trade_Repair,ALL,persona,7,0,7,0,0,0,0,0.0,,
5,BTP,ALL,persona,27,0,27,10,0,0,0,0.0,0.0,
5,Bankers_Insurance,ALL,persona,2,0,2,0,0,0,0,0.0,,
5,Bikers_Drivers,ALL,persona,26,0,26,6,0,0,0,0.0,0.0,
5,Consultant,ALL,persona,12,0,12,3,0,0,0,0.0,0.0,
5,Developer_IT,ALL,persona,12,0,12,4,0,0,0,0.0,0.0,
5,Others,ALL,persona,22,0,22,5,0,0,0,0.0,0.0,
5,Professeur,ALL,persona,4,0,4,0,0,0,0,0.0,,
5,Repair,ALL,persona,2,0,2,0,0,0,0,0.0,,
5,Restauration,ALL,persona,4,0,4,0,0,0,0,0.0,,
5,Retail,ALL,persona,15,0,15,2,0,0,0,0.0,0.0,
5,Wholesale,ALL,persona,2,0,2,0,0,0,0,0.0,,
5,Automobile_Trade_Repair,business,persona_x_initial_plan,2,0,2,0,0,0,0,0.0,,
5,Automobile_Trade_Repair,free,persona_x_initial_plan,1,0,1,0,0,0,0,0.0,,
5,Automobile_Trade_Repair,plus,persona_x_initial_plan,1,0,1,0,0,0,0,0.0,,
5,Automobile_Trade_Repair,start,persona_x_initial_plan,3,0,3,0,0,0,0,0.0,,
5,BTP,business,persona_x_initial_plan,2,0,2,1,0,0,0,0.0,0.0,
5,BTP,free,persona_x_initial_plan,6,0,6,3,0,0,0,0.0,0.0,
5,BTP,plus,persona_x_initial_plan,11,0,11,4,0,0,0,0.0,0.0,
5,BTP,start,persona_x_initial_plan,8,0,8,2,0,0,0,0.0,0.0,
5,Bankers_Insurance,free,persona_x_initial_plan,1,0,1,0,0,0,0,0.0,,
5,Bankers_Insurance,start,persona_x_initial_plan,1,0,1,0,0,0,0,0.0,,
5,Bikers_Drivers,business,persona_x_initial_plan,2,0,2,0,0,0,0,0.0,,
5,Bikers_Drivers,free,persona_x_initial_plan,8,0,8,1,0,0,0,0.0,0.0,
5,Bikers_Drivers,plus,persona_x_initial_plan,10,0,10,3,0,0,0,0.0,0.0,
5,Bikers_Drivers,start,persona_x_initial_plan,6,0,6,2,0,0,0,0.0,0.0,
5,Consultant,business,persona_x_initial_plan,1,0,1,0,0,0,0,0.0,,
5,Consultant,free,persona_x_initial_plan,7,0,7,2,0,0,0,0.0,0.0,
5,Consultant,start,persona_x_initial_plan,4,0,4,1,0,0,0,0.0,0.0,
5,Developer_IT,business,persona_x_initial_plan,1,0,1,0,0,0,0,0.0,,
5,Developer_IT,free,persona_x_initial_plan,8,0,8,3,0,0,0,0.0,0.0,
5,Developer_IT,plus,persona_x_initial_plan,1,0,1,1,0,0,0,0.0,0.0,
5,Developer_IT,start,persona_x_initial_plan,2,0,2,0,0,0,0,0.0,,
5,Others,business,persona_x_initial_plan,1,0,1,1,0,0,0,0.0,0.0,
5,Others,free,persona_x_initial_plan,5,0,5,1,0,0,0,0.0,0.0,
5,Others,plus,persona_x_initial_plan,8,0,8,1,0,0,0,0.0,0.0,
5,Others,start,persona_x_initial_plan,8,0,8,2,0,0,0,0.0,0.0,
5,Professeur,free,persona_x_initial_plan,3,0,3,0,0,0,0,0.0,,
5,Professeur,start,persona_x_initial_plan,1,0,1,0,0,0,0,0.0,,
5,Repair,free,persona_x_initial_plan,2,0,2,0,0,0,0,0.0,,
5,Restauration,free,persona_x_initial_plan,4,0,4,0,0,0,0,0.0,,
5,Retail,business,persona_x_initial_plan,1,0,1,1,0,0,0,0.0,0.0,
5,Retail,free,persona_x_initial_plan,5,0,5,1,0,0,0,0.0,0.0,
5,Retail,plus,persona_x_initial_plan,2,0,2,0,0,0,0,0.0,,
5,Retail,start,persona_x_initial_plan,7,0,7,0,0,0,0,0.0,,
5,Wholesale,free,persona_x_initial_plan,1,0,1,0,0,0,0,0.0,,
5,Wholesale,start,persona_x_initial_plan,1,0,1,0,0,0,0,0.0,,
6,ALL,business,initial_plan,3,0,3,0,0,0,0,0.0,,
6,ALL,free,initial_plan,11,0,11,0,0,0,0,0.0,,
6,ALL,plus,initial_plan,9,0,9,0,0,0,0,0.0,,
6,ALL,start,initial_plan,7,0,7,0,0,0,0,0.0,,
6,ALL,ALL,overall,30,0,30,0,0,0,0,0.0,,
6,BTP,ALL,persona,10,0,10,0,0,0,0,0.0,,
6,Bikers_Drivers,ALL,persona,6,0,6,0,0,0,0,0.0,,
6,Consultant,ALL,persona,3,0,3,0,0,0,0,0.0,,
6,Developer_IT,ALL,persona,4,0,4,0,0,0,0,0.0,,
6,Others,ALL,persona,5,0,5,0,0,0,0,0.0,,
6,Retail,ALL,persona,2,0,2,0,0,0,0,0.0,,
6,BTP,business,persona_x_initial_plan,1,0,1,0,0,0,0,0.0,,
6,BTP,free,persona_x_initial_plan,3,0,3,0,0,0,0,0.0,,
6,BTP,plus,persona_x_initial_plan,4,0,4,0,0,0,0,0.0,,
6,BTP,start,persona_x_initial_plan,2,0,2,0,0,0,0,0.0,,
6,Bikers_Drivers,free,persona_x_initial_plan,1,0,1,0,0,0,0,0.0,,
6,Bikers_Drivers,plus,persona_x_initial_plan,3,0,3,0,0,0,0,0.0,,
6,Bikers_Drivers,start,persona_x_initial_plan,2,0,2,0,0,0,0,0.0,,
6,Consultant,free,persona_x_initial_plan,2,0,2,0,0,0,0,0.0,,
6,Consultant,start,persona_x_initial_plan,1,0,1,0,0,0,0,0.0,,
6,Developer_IT,free,persona_x_initial_plan,3,0,3,0,0,0,0,0.0,,
6,Developer_IT,plus,persona_x_initial_plan,1,0,1,0,0,0,0,0.0,,
6,Others,business,persona_x_initial_plan,1,0,1,0,0,0,0,0.0,,
6,Others,free,persona_x_initial_plan,1,0,1,0,0,0,0,0.0,,
6,Others,plus,persona_x_initial_plan,1,0,1,0,0,0,0,0.0,,
6,Others,start,persona_x_initial_plan,2,0,2,0,0,0,0,0.0,,
6,Retail,business,persona_x_initial_plan,1,0,1,0,0,0,0,0.0,,
6,Retail,free,persona_x_initial_plan,1,0,1,0,0,0,0,0.0,,
