persona,initial_subscription_group,segment_level,revenue_companies,top_10pct_companies,segment_total_revenue,top_10pct_revenue,segment_top_10pct_penetration_pct,top_10pct_company_mix_pct,base_revenue_company_mix_pct,company_representation_index,top_10pct_share_of_segment_revenue_pct,share_of_all_top_10pct_revenue_pct
ALL,start,initial_plan,7842,719,1045961.90722585739712598476,519728.55766750659724703512,9.17,40.92,44.64,0.92,49.69,39.05
ALL,plus,initial_plan,2271,568,634190.98774683042319564342,443177.54987653368132001678,25.01,32.33,12.93,2.5,69.88,33.3
ALL,free,initial_plan,7107,323,511278.14956942753711959201,236068.31999818356477606253,4.54,18.38,40.45,0.45,46.17,17.74
ALL,business,initial_plan,348,147,159400.52506746736332713844,131791.29354694635792559452,42.24,8.37,1.98,4.22,82.68,9.9
ALL,ALL,overall,17568,1757,2350831.56960958272076835863,1330765.72108917020126870895,10.0,100.0,100.0,1.0,56.61,100.0
BTP,ALL,persona,3133,472,597574.14285780026664571493,393218.21557200639364200345,15.07,26.86,17.83,1.51,65.8,29.55
Consultant,ALL,persona,3065,286,384737.73017299417621775337,214037.70758492256132389653,9.33,16.28,17.45,0.93,55.63,16.08
Retail,ALL,persona,2396,204,291984.67002050045097877659,163838.07934429131629288789,8.51,11.61,13.64,0.85,56.11,12.31
Others,ALL,persona,2929,189,295546.58652269588646269302,131155.29885303129865112231,6.45,10.76,16.67,0.65,44.38,9.86
Developer_IT,ALL,persona,1429,167,184854.23736698044952223694,99397.01676924822551924815,11.69,9.5,8.13,1.17,53.77,7.47
Automobile_Trade_Repair,ALL,persona,736,107,128453.67403990740925636421,84740.71840060425145910581,14.54,6.09,4.19,1.45,65.97,6.37
Bikers_Drivers,ALL,persona,1043,79,115859.07081072195873283228,50757.50190334362264460380,7.57,4.5,5.94,0.76,43.81,3.81
Restauration,ALL,persona,469,58,75518.10489373926102290519,45119.30084743291289670650,12.37,3.3,2.67,1.24,59.75,3.39
Wholesale,ALL,persona,432,58,72476.35167534423521237810,46458.22832535383758865906,13.43,3.3,2.46,1.34,64.1,3.49
Media_Publishing,ALL,persona,646,52,72077.45712755294756564133,39189.03639009877601306420,8.05,2.96,3.68,0.8,54.37,2.94
Bankers_Insurance,ALL,persona,274,31,40945.84720717612405892190,26473.64901694359806455983,11.31,1.76,1.56,1.13,64.66,1.99
Professeur,ALL,persona,543,25,44232.18846712606142061367,16438.91705845217388632402,4.6,1.42,3.09,0.46,37.17,1.24
Medical_Professionals,ALL,persona,222,13,22398.07407799487757127998,10957.11954951584051606500,5.86,0.74,1.26,0.59,48.92,0.82
Cleaning_CallCenters,ALL,persona,94,7,9945.62975790755358501655,4199.75536119104966917940,7.45,0.4,0.54,0.74,42.23,0.32
Repair_Installation,ALL,persona,38,7,6850.23972786855200456470,3949.74393357111428208300,18.42,0.4,0.22,1.84,57.66,0.3
Repair,ALL,persona,119,2,7377.56488327251051066587,835.43217916322881920000,1.68,0.11,0.68,0.17,11.32,0.06
BTP,plus,persona_x_initial_plan,607,168,183930.98840290062003172416,130474.33901708254890072439,27.68,9.56,3.46,2.77,70.94,9.8
BTP,start,persona_x_initial_plan,1250,160,209827.69375224051539251615,117500.87835247498633910244,12.8,9.11,7.12,1.28,56.0,8.83
Consultant,start,persona_x_initial_plan,1411,147,207650.32237535012524764015,112538.23115668351570351393,10.42,8.37,8.03,1.04,54.2,8.46
BTP,free,persona_x_initial_plan,1172,95,139877.80260346101175142653,89999.85516865091569213083,8.11,5.41,6.67,0.81,64.34,6.76
Retail,start,persona_x_initial_plan,1097,95,148614.57127777996334894575,80214.54505592648665119132,8.66,5.41,6.24,0.87,53.97,6.03
Developer_IT,start,persona_x_initial_plan,637,83,92230.64279083792443861792,46959.16412873538825600169,13.03,4.72,3.63,1.3,50.91,3.53
Others,start,persona_x_initial_plan,1316,74,134926.28023499978291985483,51256.38028730876349936620,5.62,4.21,7.49,0.56,37.99,3.85
Retail,plus,persona_x_initial_plan,285,72,81484.35125746845981115598,58411.14784082093852199011,25.26,4.1,1.62,2.53,71.68,4.39
Others,plus,persona_x_initial_plan,397,66,81530.04034878401145381362,48783.07281186231310264340,16.62,3.76,2.26,1.66,59.83,3.67
Consultant,plus,persona_x_initial_plan,232,65,68907.25564879686495456878,50285.36792214405782332040,28.02,3.7,1.32,2.8,72.98,3.78
Consultant,free,persona_x_initial_plan,1391,58,97410.76522515495923749058,42407.18373195896760227664,4.17,3.3,7.92,0.42,43.53,3.19
BTP,business,persona_x_initial_plan,104,49,63937.65809919811947004809,55243.14303379794271004579,47.12,2.79,0.59,4.71,86.4,4.15
Developer_IT,free,persona_x_initial_plan,654,49,57154.55104960445693379045,29131.56907848509891382197,7.49,2.79,3.72,0.75,50.97,2.19
Automobile_Trade_Repair,plus,persona_x_initial_plan,161,48,51099.58327347322455417692,38947.06606928266358458500,29.81,2.73,0.92,2.98,76.22,2.93
Automobile_Trade_Repair,start,persona_x_initial_plan,347,37,48064.13773118562725463874,25964.83544219055758760530,10.66,2.11,1.98,1.07,54.02,1.95
Bikers_Drivers,plus,persona_x_initial_plan,172,33,33809.16052507498832279233,17488.52251850160855138370,19.19,1.88,0.98,1.92,51.73,1.31
Media_Publishing,start,persona_x_initial_plan,313,29,43025.88802878831939898980,22433.60177819565140219420,9.27,1.65,1.78,0.93,52.14,1.69
Others,free,persona_x_initial_plan,1154,29,58976.05533720296900829656,17062.08396871250269490320,2.51,1.65,6.57,0.25,28.93,1.28
Developer_IT,plus,persona_x_initial_plan,117,28,29220.17776979374353548273,18735.23166955026229271990,23.93,1.59,0.67,2.39,64.12,1.41
Retail,free,persona_x_initial_plan,982,28,51596.43071030438064921709,17761.23603390839630918850,2.85,1.59,5.59,0.29,34.42,1.33
Restauration,plus,persona_x_initial_plan,77,26,32970.05491769663568758568,26549.03420696283928555500,33.77,1.48,0.44,3.38,80.52,2.0
Wholesale,plus,persona_x_initial_plan,91,22,27392.76962048254726270936,19629.47575690465880282700,24.18,1.25,0.52,2.42,71.66,1.48
Restauration,start,persona_x_initial_plan,232,21,30289.37398705050541795825,13284.52195774901314402200,9.05,1.2,1.32,0.91,43.86,1.0
Others,business,persona_x_initial_plan,62,20,20114.21060170912308072801,14053.76178514771935420951,32.26,1.14,0.35,3.23,69.87,1.06
Bikers_Drivers,start,persona_x_initial_plan,475,19,44625.42244456158950848185,12403.51739734357671630100,4.0,1.08,2.7,0.4,27.79,0.93
Wholesale,start,persona_x_initial_plan,189,18,28322.80244807199451649708,15958.74397619268353434300,9.52,1.02,1.08,0.95,56.35,1.2
Bikers_Drivers,business,persona_x_initial_plan,37,17,18590.53271927700181715748,16475.14838243902820440390,45.95,0.97,0.21,4.59,88.62,1.24
Consultant,business,persona_x_initial_plan,31,16,10769.38692369222677805386,8806.92477413602019478556,51.61,0.91,0.18,5.16,81.78,0.66
Media_Publishing,plus,persona_x_initial_plan,39,16,14783.98366958903780176801,12553.88463256943213593000,41.03,0.91,0.22,4.1,84.92,0.94
Automobile_Trade_Repair,business,persona_x_initial_plan,26,15,17511.22264467791015527901,16398.66195435382629170481,57.69,0.85,0.15,5.77,93.65,1.23
Bankers_Insurance,free,persona_x_initial_plan,156,15,22287.47919834765156493183,14359.42245833199961075983,9.62,0.85,0.89,0.96,64.43,1.08
Professeur,start,persona_x_initial_plan,257,15,25739.46183717089824768640,9268.78121131842507328104,5.84,0.85,1.46,0.58,36.01,0.7
Bikers_Drivers,free,persona_x_initial_plan,359,10,18833.95512180837908440062,4390.31360505940917251520,2.79,0.57,2.04,0.28,23.31,0.33
Restauration,free,persona_x_initial_plan,157,10,11646.86734450809516340126,4945.91167707941673156950,6.37,0.57,0.89,0.64,42.47,0.37
Bankers_Insurance,start,persona_x_initial_plan,102,9,12190.50154061324478341432,6367.73488378212249600000,8.82,0.51,0.58,0.88,52.24,0.48
Retail,business,persona_x_initial_plan,32,9,10289.31677494764716945777,7451.15041363549481051796,28.13,0.51,0.18,2.81,72.42,0.56
Wholesale,business,persona_x_initial_plan,19,9,7257.50714664749528469040,5757.10754124000572214040,47.37,0.51,0.11,4.74,79.33,0.43
Wholesale,free,persona_x_initial_plan,133,9,9503.27246014219814848126,5112.90105101648952934866,6.77,0.51,0.76,0.68,53.8,0.38
Automobile_Trade_Repair,free,persona_x_initial_plan,202,7,11778.73039057064729226954,3430.15493477720399521070,3.47,0.4,1.15,0.35,29.12,0.26
Bankers_Insurance,plus,persona_x_initial_plan,15,7,6387.77133955988524480575,5746.49167482947595780000,46.67,0.4,0.09,4.67,89.96,0.43
Developer_IT,business,persona_x_initial_plan,21,7,6248.86575674432461434584,4571.05189247747605670459,33.33,0.4,0.12,3.33,73.15,0.34
Media_Publishing,free,persona_x_initial_plan,290,6,13238.92747251939370802134,3609.92229718739225294000,2.07,0.34,1.65,0.21,27.27,0.27
Medical_Professionals,plus,persona_x_initial_plan,10,5,6920.97377538240647248357,6430.34253124896135802600,50.0,0.28,0.06,5.0,92.91,0.48
Medical_Professionals,start,persona_x_initial_plan,113,5,10035.03616693291132178937,2275.70845164222329894000,4.42,0.28,0.64,0.44,22.68,0.17
Professeur,plus,persona_x_initial_plan,33,5,7748.17930881822359056575,4292.84246941879870014448,15.15,0.28,0.19,1.51,55.4,0.32
Cleaning_CallCenters,plus,persona_x_initial_plan,17,4,4587.46251479693577348608,2828.75481193883750846740,23.53,0.23,0.1,2.35,61.66,0.21
Medical_Professionals,free,persona_x_initial_plan,99,3,5442.06413567955977700704,2251.06856662465585909900,3.03,0.17,0.56,0.3,41.36,0.17
Professeur,free,persona_x_initial_plan,249,3,8776.49691236843426109272,1281.78041789139136929850,1.2,0.17,1.42,0.12,14.6,0.1
Repair_Installation,plus,persona_x_initial_plan,6,3,2149.85786518231218012900,2021.97594341628479390000,50.0,0.17,0.03,5.0,94.05,0.15
Repair_Installation,start,persona_x_initial_plan,19,3,3192.68206696258469011000,1602.85098165510444518300,15.79,0.17,0.11,1.58,50.2,0.12
Cleaning_CallCenters,start,persona_x_initial_plan,40,2,3488.27575129686170387915,863.63042714487028079000,5.0,0.11,0.23,0.5,24.76,0.06
Professeur,business,persona_x_initial_plan,4,2,1968.05040876850532126880,1595.51295982355874360000,50.0,0.11,0.02,5.0,81.07,0.12
Repair,start,persona_x_initial_plan,44,2,3738.81479201454893496500,835.43217916322881920000,4.55,0.11,0.25,0.45,22.34,0.06
Cleaning_CallCenters,business,persona_x_initial_plan,2,1,692.22723338295819339700,507.37012210734187992200,50.0,0.06,0.01,5.0,73.3,0.04
Media_Publishing,business,persona_x_initial_plan,4,1,1028.65795665619665686218,591.62768214630022200000,25.0,0.06,0.02,2.5,57.51,0.04
Repair_Installation,free,persona_x_initial_plan,12,1,1347.04967670995650420570,324.91700849972504300000,8.33,0.06,0.07,0.83,24.12,0.02
Restauration,business,persona_x_initial_plan,3,1,611.80864448402475396000,339.83300564164373556000,33.33,0.06,0.02,3.33,55.55,0.03
Bankers_Insurance,business,persona_x_initial_plan,1,0,80.09512865534246577000,,0.0,0.0,0.01,0.0,0.0,0.0
Cleaning_CallCenters,free,persona_x_initial_plan,35,0,1177.66425843079791425432,,0.0,0.0,0.2,0.0,0.0,0.0
Repair,business,persona_x_initial_plan,1,0,140.33490961278893600000,,0.0,0.0,0.01,0.0,0.0,0.0
Repair,free,persona_x_initial_plan,62,0,2230.03767261464612130517,,0.0,0.0,0.35,0.0,0.0,0.0
Repair,plus,persona_x_initial_plan,12,0,1268.37750903052651839570,,0.0,0.0,0.07,0.0,0.0,0.0
Repair_Installation,business,persona_x_initial_plan,1,0,160.65011901369863012000,,0.0,0.0,0.01,0.0,0.0,0.0
