company_profile_id,revenue_months,subscription_revenue,interchange_revenue,banking_fees,deposit_interest_revenue,total_revenue,persona,initial_subscription_group,activation_date,closed_date,all_revenue_share_pct
ead429ea-1eba-4792-9b26-fd974fafe6d4,7,57.77419354800000000000,37.65585104225717230000,0.00000000000000000000,23669.23520928218728950000,23764.66525387244446180000,Retail,start,2025-11-17,,0.79
4399a1b4-86cd-4cf7-a61b-740c202086c2,6,55.00000000000000000000,13209.22758188698920000000,28.00000000000000000000,79.90822614246575880000,13372.13580802945495880000,Consultant,start,2025-12-15,,0.44
8dd44ff7-9e9f-4f2f-a97e-d8c543967f6f,8,0.00000000000000000000,0.00000000000000000000,0.00000000000000000000,12123.90963257205516300000,12123.90963257205516300000,BTP,free,2025-10-31,,0.4
f5176539-d715-4d19-a4be-92aab87ee00d,8,77.00000000000000000000,307.78891198029783230000,3.82000000000000000000,8011.54743556767256000000,8400.15634754797039230000,BTP,start,2025-10-20,,0.28
9753b391-79c3-4132-888e-85a2169517ba,6,0.00000000000000000000,0.00000000000000000000,5.60000000000000000000,6124.92249161424676400000,6130.52249161424676400000,BTP,free,2025-12-13,,0.2
a64ecf08-b62e-407e-a895-ca2756f56e18,7,121.29032258100000000000,5574.75063825067657000000,138.00000000000000000000,78.38313482191782850000,5912.42409565359439850000,Wholesale,plus,2025-11-29,,0.2
7f1e7da5-38e4-4236-aabb-1b9039de6809,7,150.00000000000000000000,3224.00203993541042120000,27.08000000000000000000,2408.39888585917834500000,5809.48092579458876620000,Others,plus,2025-11-17,,0.19
9f990839-3fb1-4613-8b61-6c968ad7bb56,6,400.00000000000000000000,4601.25388577770949000000,24.84000000000000000000,529.02895259287673800000,5555.12283837058622800000,BTP,business,2025-12-14,,0.18
758b1b85-2a60-4dc1-80ca-2888af2b4e82,8,77.00000000000000000000,42.90586841026201050000,2.42000000000000000000,5305.22471533863086833000,5427.55058374889287883000,Consultant,start,2025-10-26,,0.18
45cccd2e-295d-4dc1-90a0-2d903a60c227,7,480.00000000000000000000,2089.16543957781491460000,2544.68000000000000000000,26.57344660821918212000,5140.41888618603409672000,Bikers_Drivers,business,2025-11-01,2026-05-10,0.17
963d54ac-2c33-48c3-8019-ee10c1939e48,7,66.00000000000000000000,3084.94012792264939000000,255.72000000000000000000,1576.41613047726035560100,4983.07625839990974560100,Wholesale,start,2025-11-05,,0.17
4483ab8e-be60-49a9-a865-395c9157d7ca,4,0.00000000000000000000,0.00000000000000000000,0.00000000000000000000,4762.27830439945292000000,4762.27830439945292000000,Bankers_Insurance,free,2026-02-28,,0.16
c204742b-8df5-4b54-acd3-8b51bfe2b6bd,6,382.81250000000000000000,3926.41514999998243800000,0.00000000000000000000,450.67329965808222900000,4759.90094965806466700000,BTP,business,2025-12-17,,0.16
c762f318-59c5-480c-9fcd-c4590293f098,6,0.00000000000000000000,0.00000000000000000000,0.00000000000000000000,4495.63553735616439000000,4495.63553735616439000000,BTP,free,2025-12-05,,0.15
c34fe1df-09e3-4da7-ba46-8997b9c9f04c,7,0.00000000000000000000,1024.06974451775109600000,947.04000000000000000000,2495.94645362520562210000,4467.05619814295671810000,BTP,free,2025-11-20,,0.15
74e459a0-da48-4ab9-a893-97564adcdfbc,8,77.00000000000000000000,400.86717596386189600000,20.00000000000000000000,3961.60481631013772000000,4459.47199227399961600000,BTP,start,2025-10-26,,0.15
6ea194cc-4a5e-4542-b6be-ac2b1370f316,7,150.00000000000000000000,4111.78904475226602000000,98.94000000000000000000,68.22932229095891060000,4428.95836704322493060000,Retail,plus,2025-11-08,,0.15
9d439c40-9c7b-4817-bafe-ce32aef52651,4,240.00000000000000000000,3997.87784999997987000000,0.00000000000000000000,59.23038700000000220000,4297.10823699997987220000,BTP,business,2026-02-23,,0.14
4838afc7-cc47-4436-9e9e-ad201ad8c446,7,0.00000000000000000000,0.00000000000000000000,8.00000000000000000000,4272.45244361643875700000,4280.45244361643875700000,BTP,free,2025-11-29,,0.14
243fea5c-31fc-443f-8eb4-ec56611b7349,7,560.00000000000000000000,3204.17564377042032000000,28.32000000000000000000,301.03295899232881200000,4093.52860276274913200000,Automobile_Trade_Repair,business,2025-11-11,,0.14
1f1aa408-c449-46b9-aa1f-5cd91c782ef4,4,35.71875000000000000000,0.00000000000000000000,0.00000000000000000000,3936.32011486356286000000,3972.03886486356286000000,Consultant,start,2026-02-22,,0.13
b0664662-2865-48d2-b743-882a7b9b04e1,8,175.00000000000000000000,3586.98552821575379000000,12.00000000000000000000,53.67100665260274463000,3827.65653486835653463000,Retail,plus,2025-10-19,,0.13
295d837b-42df-4f4e-a1f9-be9398c709a8,6,400.00000000000000000000,3271.33254273814124000000,0.00000000000000000000,45.26351380000000330000,3716.59605653814124330000,BTP,business,2025-12-22,,0.12
d9d99ff0-f6bb-4ddd-9a2e-5a6557ab0c33,6,125.00000000000000000000,3421.93851177277034000000,0.22000000000000000000,138.91989227068493400000,3686.07840404345527400000,Restauration,plus,2025-12-11,,0.12
c1d3ad99-91c8-4f1e-9ce6-b9c6122178b9,8,560.00000000000000000000,2879.35194341166476700000,7.79999999999999950000,195.60677783616439825000,3642.75872124782916475000,BTP,business,2025-10-19,,0.12
