revenue_lifecycle_state,persona,initial_subscription_group,segment_level,companies,last_subscription_revenue,last_interchange_revenue,last_banking_fees,last_deposit_interest_revenue,last_total_revenue,segment_company_share_pct
Active,ALL,business,initial_plan,262,16199.00000000000000000000,22041.81049319987933344000,1194.45999999999999860000,3876.41320901041123140819,43311.68370221029056344819,75.29
At-risk,ALL,business,initial_plan,35,1931.00000000000000000000,1234.59253199999480177000,30.65999999999999910000,166.82545415780823379550,3363.07798615780303466550,10.06
Churned proxy,ALL,business,initial_plan,51,1200.00000000000000000000,6141.40209036503896300000,8.04000000000000000000,128.81887200493155072680,7478.26096236997051372680,14.66
Active,ALL,free,initial_plan,6525,3768.03791774899999600000,46180.89959039975010193158,22047.14000000000000228000,66643.59801997863235998460,138639.67552812738246019618,91.81
At-risk,ALL,free,initial_plan,354,183.03999999999999900000,918.77284979999590004000,1226.15999999999999540000,641.54395907890416373347,2969.51680887890005817347,4.98
Churned proxy,ALL,free,initial_plan,228,46.15000000000000000000,1591.23318645539895171800,1864.67999999999999740000,653.12018227506856232338,4155.18336873046751144138,3.21
Active,ALL,plus,initial_plan,2027,43233.05206987900000000000,86989.94620199952730073010,8054.48000000000000970000,30533.85916856054796729009,168811.33744043907527772019,89.26
At-risk,ALL,plus,initial_plan,120,1681.90000000000000000000,3936.42512099998409749600,-7.42000000000000000000,150.85862049315070469882,5761.76374149313480219482,5.28
Churned proxy,ALL,plus,initial_plan,124,1434.90000000000000000000,3134.73620393446344169100,-0.61999999999999986000,358.81409009315082934542,4927.83029402761427117642,5.46
Active,ALL,start,initial_plan,7316,71041.45751662407157150000,112691.79741419938886433900,21234.04000000000002000000,82347.60998218082463001875,287314.90491300428508585775,93.29
At-risk,ALL,start,initial_plan,301,2239.71875000000000000000,2704.11988499998828351600,267.88000000000000078900,665.58435137315074725468,5877.30298637313903155968,3.84
Churned proxy,ALL,start,initial_plan,225,1437.77083333300000000000,1298.47878845548586011000,410.55999999999999810000,414.14359698739741270095,3560.95321877588327091095,2.87
Active,ALL,ALL,overall,16130,134241.54750425207156750000,267904.45369979854560044068,52530.12000000000003058000,183401.48037973041618870163,638077.60158378103338722231,91.81
At-risk,ALL,ALL,overall,810,6035.65874999999999900000,8793.91038779996308282200,1517.27999999999999528900,1624.81238510301384948247,17971.66152290297692659347,4.61
Churned proxy,ALL,ALL,overall,628,4118.82083333300000000000,12165.85026921038721651900,2282.65999999999999564000,1554.89674136054835509655,20122.22784390393556725555,3.57
Active,Automobile_Trade_Repair,ALL,persona,657,7886.67478494600000100000,18539.11768139989943599100,1996.46000000000000900000,3941.46205373150708734961,32363.71452007740653334061,89.27
At-risk,Automobile_Trade_Repair,ALL,persona,45,268.00000000000000000000,757.73134799999640795400,55.06000000000000000000,66.28684409698630581119,1147.07819209698271376519,6.11
Churned proxy,Automobile_Trade_Repair,ALL,persona,34,439.00000000000000000000,236.12908738233090680500,48.04000000000000000000,243.24110601534252602270,966.41019339767343282770,4.62
Active,BTP,ALL,persona,2895,30145.36647849264515500000,74729.82748499959474268630,5405.38000000000002000000,43223.90091280054895023306,153504.47487629278886791936,92.4
At-risk,BTP,ALL,persona,129,1305.42000000000000000000,2096.35788959999117500000,68.88000000000000071800,539.67582953917812693274,4010.33371913916930265074,4.12
Churned proxy,BTP,ALL,persona,109,827.90000000000000000000,1901.85633227088943242800,420.55999999999999550000,231.32652013917818253225,3381.64285241006761046025,3.48
Active,Bankers_Insurance,ALL,persona,257,1219.76120967700000000000,1877.36164019998984237400,1428.06000000000000000000,6906.58708048821959505668,11431.76993036520943743068,93.8
At-risk,Bankers_Insurance,ALL,persona,7,18.00000000000000000000,1.31122799999999360000,0.00000000000000000000,19.83502084657533244820,39.14624884657532604820,2.55
Churned proxy,Bankers_Insurance,ALL,persona,10,26.00000000000000000000,2.35894436371497700000,276.00000000000000000000,10.61428882739726244167,314.97323319111223944167,3.65
Active,Bikers_Drivers,ALL,persona,881,8831.21959345678125000000,15816.31627499991409373260,2743.38000000000000078000,3491.26728669315075429727,30882.18315514984609880987,84.47
At-risk,Bikers_Drivers,ALL,persona,73,562.83750000000000000000,487.41496199999790838000,397.16000000000000007100,31.89906206301370193188,1479.31152406301161038288,7.0
Churned proxy,Bikers_Drivers,ALL,persona,89,807.00000000000000000000,1649.87732383672010853000,612.50000000000000014000,111.01038676602745643250,3180.38771060274756510250,8.53
Active,Cleaning_CallCenters,ALL,persona,89,863.21875000000000000000,912.07704599999507173500,25.60000000000000000000,575.47976632000004560435,2376.37556231999511733935,94.68
At-risk,Cleaning_CallCenters,ALL,persona,4,0.00000000000000000000,40.09129199999980400000,-9.60000000000000000000,19.74007746465753707865,50.23136946465734107865,4.26
Churned proxy,Cleaning_CallCenters,ALL,persona,1,0.00000000000000000000,40.11922937724229100000,0.00000000000000000000,0.40881242739726043000,40.52804180463955143000,1.06
Active,Consultant,ALL,persona,2866,19250.53098225864515600000,35488.83568859980572660880,6696.42000000000000000000,45675.97407779068598374490,107111.76074864913686635370,93.51
At-risk,Consultant,ALL,persona,125,599.09000000000000000000,1276.89548399999475568400,100.26000000000000000000,341.64158373972604976226,2317.88706773972080544626,4.08
Churned proxy,Consultant,ALL,persona,74,369.77083333300000000000,1172.03201498516004385000,286.52000000000000000000,66.50815712164385387691,1894.83100543980389772691,2.41
Active,Developer_IT,ALL,persona,1336,9027.18829608100000000000,15719.14628459991496737754,6585.00000000000000000000,23420.45107864328851736374,54751.78565932420348474128,93.49
At-risk,Developer_IT,ALL,persona,52,512.58750000000000000000,163.14123779999930537000,282.16000000000000000000,150.38289616547946932693,1108.27163396547877469693,3.64
Churned proxy,Developer_IT,ALL,persona,41,210.00000000000000000000,1537.10848836845454448500,281.04000000000000000000,62.39390127506853329746,2090.54238964352307778246,2.87
Active,Media_Publishing,ALL,persona,613,3886.23021848700000200000,6635.38408019996349018700,3361.72000000000000000000,7000.33800140547982502974,20883.67230009244331721674,94.89
At-risk,Media_Publishing,ALL,persona,24,135.00000000000000000000,39.90017699999980594100,28.52000000000000000000,13.24321207671232871661,216.66338907671213465761,3.72
Churned proxy,Media_Publishing,ALL,persona,9,47.00000000000000000000,0.03360067980960969300,138.00000000000000000000,28.93281298684931220431,213.96641366665892189731,1.39
Active,Medical_Professionals,ALL,persona,213,1220.93548387100000000000,2162.91329999998827560400,311.39999999999999960000,3043.29831469972597938550,6738.54709857071425458950,95.95
At-risk,Medical_Professionals,ALL,persona,6,0.00000000000000000000,0.51299999999999757000,6.00000000000000000000,2.75838507123287736014,9.27138507123287493014,2.7
Churned proxy,Medical_Professionals,ALL,persona,3,22.00000000000000000000,0.00000000000000000000,0.00000000000000000000,2.80921698630136975000,24.80921698630136975000,1.35
Active,Others,ALL,persona,2678,22130.08432795553125150000,34375.40000279981403164500,10217.01999999999999860000,18012.30421815232936628870,84734.80854890767464803370,91.43
At-risk,Others,ALL,persona,144,1269.50499999999999900000,1074.70747619999552376000,221.21999999999999910000,143.46836119890411824093,2708.90083739889964010093,4.92
Churned proxy,Others,ALL,persona,107,539.15000000000000000000,3488.30631242535881620000,180.00000000000000000000,415.52330933698627172784,4622.97962176234508792784,3.65
Active,Professeur,ALL,persona,508,3490.55177419300000000000,3999.10052159997844789400,1119.30000000000000000000,3579.04334630630180367522,12187.99564209928025156922,93.55
At-risk,Professeur,ALL,persona,20,171.00000000000000000000,605.81854799999767527000,8.00000000000000000000,11.87698850301369900420,796.69553650301137427420,3.68
Churned proxy,Professeur,ALL,persona,15,11.00000000000000000000,111.95849994671388440000,0.80000000000000000000,13.85294598136986616302,137.61144592808375056302,2.76
Active,Repair,ALL,persona,104,600.82426075200000000000,982.32845399999476200500,66.34000000000000000000,373.29445542082192246454,2022.78717017281668446954,87.39
At-risk,Repair,ALL,persona,7,36.00000000000000000000,1.49939999999999319000,24.00000000000000000000,9.42026029369863134400,70.91966029369862453400,5.88
Churned proxy,Repair,ALL,persona,8,11.00000000000000000000,152.55830682374777100000,4.00000000000000000000,8.13933373643835783893,175.69764056018612883893,6.72
Active,Repair_Installation,ALL,persona,37,394.64645161300000000000,1056.59251199999417096000,16.80000000000000000000,500.09032217643837512200,1968.12928578943254608200,97.37
At-risk,Repair_Installation,ALL,persona,1,11.00000000000000000000,0.00000000000000000000,0.00000000000000000000,0.01212328767123287800,11.01212328767123287800,2.63
Active,Restauration,ALL,persona,431,4034.49610215000000100000,12439.80184679993312762100,3367.18000000000000000000,2588.71324065260292254691,22430.19118960253605116791,91.9
At-risk,Restauration,ALL,persona,21,150.00000000000000000000,33.14896199999983766000,32.51999999999999600000,3.99848507835616458303,219.66744707835599824303,4.48
Churned proxy,Restauration,ALL,persona,17,31.00000000000000000000,652.34890350540066070000,12.00000000000000000000,14.38128984493150931725,709.73019335033217001725,3.62
Active,Retail,ALL,persona,2165,16448.28180107146875100000,34273.41428339981329402544,7491.58000000000000260000,16670.76196407561633577813,74884.03804854689838340357,90.36
At-risk,Retail,ALL,persona,133,787.31250000000000000000,1996.31513519999180462300,280.69999999999999940000,145.31305442465757044921,3209.64068962464937447221,5.55
Churned proxy,Retail,ALL,persona,98,670.00000000000000000000,1202.59354324484426729300,13.60000000000000000000,339.86583499287686682368,2226.05937823772113411668,4.09
Active,Wholesale,ALL,persona,400,4811.53698924700000000000,8896.83659819995211999400,1698.48000000000000000000,4398.51426037369872476128,19805.36784782065084475528,92.59
At-risk,Wholesale,ALL,persona,19,209.90625000000000000000,219.06424799999909482000,22.40000000000000000000,125.26020125315070361450,576.63069925314979843450,4.4
Churned proxy,Wholesale,ALL,persona,13,108.00000000000000000000,18.56968199999990313500,9.60000000000000000000,5.88882492273972623803,142.05850692273962937303,3.01
Active,Automobile_Trade_Repair,business,persona_x_initial_plan,23,1360.00000000000000000000,2424.10811579998639288300,12.00000000000000000000,379.19971849589048433313,4175.30783429587687721613,88.46
Churned proxy,Automobile_Trade_Repair,business,persona_x_initial_plan,3,160.00000000000000000000,4.24959458707764700000,4.04000000000000000000,10.77378796876712533400,179.06338255584477233400,11.54
Active,Automobile_Trade_Repair,free,persona_x_initial_plan,178,116.38451612900000000000,1400.54324399999244987000,493.10000000000000000000,592.49299684383561950084,2602.52075697282806937084,88.12
At-risk,Automobile_Trade_Repair,free,persona_x_initial_plan,17,0.00000000000000000000,48.87718199999978886400,21.60000000000000000000,20.11328565041096011997,90.59046765041074898397,8.42
Churned proxy,Automobile_Trade_Repair,free,persona_x_initial_plan,7,0.00000000000000000000,34.11892782729789900000,44.00000000000000000000,66.45047682082197004290,144.56940464811986904290,3.47
Active,Automobile_Trade_Repair,plus,persona_x_initial_plan,146,3199.13978494600000000000,7152.71739479996139200800,517.36000000000000900000,1595.12196490904118536541,12464.33914465500258637341,90.68
At-risk,Automobile_Trade_Repair,plus,persona_x_initial_plan,7,125.00000000000000000000,128.38690799999939800000,0.00000000000000000000,9.58059442630137052500,262.96750242630076852500,4.35
Churned proxy,Automobile_Trade_Repair,plus,persona_x_initial_plan,8,125.00000000000000000000,48.01829496795613760000,0.00000000000000000000,103.44551389643835742840,276.46380886439449502840,4.97
Active,Automobile_Trade_Repair,start,persona_x_initial_plan,310,3211.15048387100000100000,7561.74892679995920123000,974.00000000000000000000,1374.64737348273979815023,13121.54678415369900038023,89.34
At-risk,Automobile_Trade_Repair,start,persona_x_initial_plan,21,143.00000000000000000000,580.46725799999722109000,33.46000000000000000000,36.59296402027397516622,793.52022202027119625622,6.05
Churned proxy,Automobile_Trade_Repair,start,persona_x_initial_plan,16,154.00000000000000000000,149.74226999999922320500,0.00000000000000000000,62.57132732931507321740,366.31359732931429642240,4.61
Active,BTP,business,persona_x_initial_plan,86,5423.00000000000000000000,11648.69201339993592128000,138.00000000000000000000,1364.56715752164403691191,18574.25917092157995819191,82.69
At-risk,BTP,business,persona_x_initial_plan,5,400.00000000000000000000,445.33837799999793864000,0.00000000000000000000,123.32201422684932757279,968.66039222684726621279,4.81
Churned proxy,BTP,business,persona_x_initial_plan,13,320.00000000000000000000,1192.85022302730703500000,0.00000000000000000000,11.18345411013698650800,1524.03367713744402150800,12.5
Active,BTP,free,persona_x_initial_plan,1089,701.39903225799999700000,9608.49747719994788219900,2518.80000000000000000000,22252.56936986137021153693,35081.26587931931809073593,92.92
At-risk,BTP,free,persona_x_initial_plan,49,114.42000000000000000000,126.48556799999937881000,56.40000000000000000000,266.66369136931508566473,563.96925936931446447473,4.18
Churned proxy,BTP,free,persona_x_initial_plan,34,0.00000000000000000000,157.71619779111386689800,407.51999999999999740000,68.91126367726027136094,634.14746146837413565894,2.9
Active,BTP,plus,persona_x_initial_plan,554,12089.88172042800000000000,25838.53410239986002828530,684.56000000000000000000,6487.16033291561631057512,45100.13615574347633886042,91.27
At-risk,BTP,plus,persona_x_initial_plan,27,411.00000000000000000000,1040.63054399999585324000,0.00000000000000000000,42.23733128712329516122,1493.86787528711914840122,4.45
Churned proxy,BTP,plus,persona_x_initial_plan,26,289.90000000000000000000,323.34507211515903058000,0.08000000000000000000,104.82976400931514464717,718.15483612447417522717,4.28
Active,BTP,start,persona_x_initial_plan,1166,11931.08572580664515800000,27634.10389199985091092200,2064.02000000000002000000,13119.60405250191839120910,54748.81367030841448013110,93.28
At-risk,BTP,start,persona_x_initial_plan,48,380.00000000000000000000,483.90339959999800431000,12.48000000000000071800,107.45279265589041853400,983.83619225588842356200,3.84
Churned proxy,BTP,start,persona_x_initial_plan,36,218.00000000000000000000,227.94483933730949995000,12.95999999999999810000,46.40203834246578001614,505.30687767977527806614,2.88
Active,Bankers_Insurance,business,persona_x_initial_plan,1,80.00000000000000000000,0.00000000000000000000,0.00000000000000000000,0.09512865534246577000,80.09512865534246577000,100.0
Active,Bankers_Insurance,free,persona_x_initial_plan,145,28.18258064500000000000,543.69129419999705657000,1421.20000000000000000000,4312.96191478465786944508,6306.03578962965492601508,92.95
At-risk,Bankers_Insurance,free,persona_x_initial_plan,4,0.00000000000000000000,0.00000000000000000000,0.00000000000000000000,2.58492166136986315620,2.58492166136986315620,2.56
Churned proxy,Bankers_Insurance,free,persona_x_initial_plan,7,0.00000000000000000000,0.00000000000000000000,276.00000000000000000000,5.08858745753424775167,281.08858745753424775167,4.49
Active,Bankers_Insurance,plus,persona_x_initial_plan,14,240.00000000000000000000,481.35961799999741370000,0.00000000000000000000,1194.78713402958895762430,1916.14675202958637132430,93.33
At-risk,Bankers_Insurance,plus,persona_x_initial_plan,1,0.00000000000000000000,1.31122799999999360000,0.00000000000000000000,0.06910740438356165200,1.38033540438355525200,6.67
Active,Bankers_Insurance,start,persona_x_initial_plan,97,871.57862903200000000000,852.31072799999537210400,6.86000000000000000000,1398.74290301863030221730,3129.49226005062567432130,95.1
At-risk,Bankers_Insurance,start,persona_x_initial_plan,2,18.00000000000000000000,0.00000000000000000000,0.00000000000000000000,17.18099178082190764000,35.18099178082190764000,1.96
Churned proxy,Bankers_Insurance,start,persona_x_initial_plan,3,26.00000000000000000000,2.35894436371497700000,0.00000000000000000000,5.52570136986301469000,33.88464573357799169000,2.94
Active,Bikers_Drivers,business,persona_x_initial_plan,27,1661.00000000000000000000,1802.32853399999021459000,397.40000000000000000000,380.57678378191781132120,4241.30531778190802591120,72.97
At-risk,Bikers_Drivers,business,persona_x_initial_plan,3,160.00000000000000000000,1.55195999999999220000,0.00000000000000000000,0.21825527890410958900,161.77021527890410178900,8.11
Churned proxy,Bikers_Drivers,business,persona_x_initial_plan,7,400.00000000000000000000,88.62202664845908100000,0.00000000000000000000,4.49805054904109686520,493.12007719750017786520,18.92
Active,Bikers_Drivers,free,persona_x_initial_plan,304,235.34000000000000000000,2153.46741479998835493060,972.80000000000000008000,889.57684546410959869864,4251.18426026409795370924,84.68
At-risk,Bikers_Drivers,free,persona_x_initial_plan,24,0.00000000000000000000,41.55645599999980453000,260.40000000000000000000,10.04413034630137062205,312.00058634630117515205,6.69
Churned proxy,Bikers_Drivers,free,persona_x_initial_plan,31,0.00000000000000000000,217.55639988824586343000,381.20000000000000000000,60.49210563178086180532,659.24850552002672523532,8.64
Active,Bikers_Drivers,plus,persona_x_initial_plan,137,2954.94666666600000000000,4809.83184899997376606500,769.48000000000000070000,756.79888934794518899439,9291.05740501391895575939,79.65
At-risk,Bikers_Drivers,plus,persona_x_initial_plan,14,214.90000000000000000000,44.25483599999978546600,-1.92000000000000000000,0.72915567342465749390,257.96399167342444295990,8.14
Churned proxy,Bikers_Drivers,plus,persona_x_initial_plan,21,275.00000000000000000000,1235.93745745817587533000,-4.69999999999999986000,35.59376356054796293068,1541.83122101872383840068,12.21
Active,Bikers_Drivers,start,persona_x_initial_plan,413,3979.93292679078125000000,7050.68847719996175814700,603.70000000000000000000,1464.31476809917815528304,13098.63617208992116343004,86.95
At-risk,Bikers_Drivers,start,persona_x_initial_plan,32,187.93750000000000000000,400.05170999999832618400,138.68000000000000007100,20.90752076438356422693,747.57673076438189048193,6.74
Churned proxy,Bikers_Drivers,start,persona_x_initial_plan,30,132.00000000000000000000,107.76143984183928877000,236.00000000000000000000,10.42646702465753483130,486.18790686649682360130,6.32
Active,Cleaning_CallCenters,business,persona_x_initial_plan,2,160.00000000000000000000,23.28650999999987500000,0.00000000000000000000,2.51761370410958913000,185.80412370410946413000,100.0
Active,Cleaning_CallCenters,free,persona_x_initial_plan,34,0.00000000000000000000,113.96467799999937064500,25.60000000000000000000,121.08223976164385704270,260.64691776164322768770,97.14
At-risk,Cleaning_CallCenters,free,persona_x_initial_plan,1,0.00000000000000000000,0.00000000000000000000,0.00000000000000000000,0.05515068493150685600,0.05515068493150685600,2.86
Active,Cleaning_CallCenters,plus,persona_x_initial_plan,16,330.00000000000000000000,271.41307199999852790000,0.00000000000000000000,294.65344757917808670315,896.06651957917661460315,94.12
At-risk,Cleaning_CallCenters,plus,persona_x_initial_plan,1,0.00000000000000000000,40.09129199999980400000,-9.60000000000000000000,0.09489508712328766100,30.58618708712309166100,5.88
Active,Cleaning_CallCenters,start,persona_x_initial_plan,37,373.21875000000000000000,503.41278599999729819000,0.00000000000000000000,157.22646527506851272850,1033.85800127506581091850,92.5
At-risk,Cleaning_CallCenters,start,persona_x_initial_plan,2,0.00000000000000000000,0.00000000000000000000,0.00000000000000000000,19.59003169260274256165,19.59003169260274256165,5.0
Churned proxy,Cleaning_CallCenters,start,persona_x_initial_plan,1,0.00000000000000000000,40.11922937724229100000,0.00000000000000000000,0.40881242739726043000,40.52804180463955143000,2.5
Active,Consultant,business,persona_x_initial_plan,25,1600.00000000000000000000,1944.29282939998908800500,4.00000000000000000000,557.69799433643830352640,4105.99082373642739153140,80.65
At-risk,Consultant,business,persona_x_initial_plan,2,80.00000000000000000000,0.00000000000000000000,0.00000000000000000000,22.48948850301370059000,102.48948850301370059000,6.45
Churned proxy,Consultant,business,persona_x_initial_plan,4,0.00000000000000000000,461.91455809593351500000,0.00000000000000000000,2.02722246794520559560,463.94178056387872059560,12.9
Active,Consultant,free,persona_x_initial_plan,1287,581.24203065199999600000,7378.41046859996001341100,2763.54000000000000000000,14511.07978959178124888332,25234.27228884374125829432,92.52
At-risk,Consultant,free,persona_x_initial_plan,71,23.09000000000000000000,196.63774199999913659400,99.94000000000000000000,112.04321523835617099889,431.71095723835530759289,5.1
Churned proxy,Consultant,free,persona_x_initial_plan,33,0.00000000000000000000,410.79442356722839175000,286.52000000000000000000,38.83894719342466961704,736.15337076065306136704,2.37
Active,Consultant,plus,persona_x_initial_plan,208,4343.16633064200000000000,7811.25218999995719834680,927.32000000000000000000,6653.46810875123270511020,19735.20662939318990345700,89.66
At-risk,Consultant,plus,persona_x_initial_plan,14,170.00000000000000000000,1030.85944199999585410000,0.00000000000000000000,14.60782694904109741391,1215.46726894903695151391,6.03
Churned proxy,Consultant,plus,persona_x_initial_plan,10,145.00000000000000000000,237.80479801197066090000,0.00000000000000000000,15.07141986246575541330,397.87621787443641631330,4.31
Active,Consultant,start,persona_x_initial_plan,1346,12726.12262096464516000000,18354.88020059989942684600,3001.56000000000000000000,23953.72818511123372622498,58036.29100667577831307098,95.39
At-risk,Consultant,start,persona_x_initial_plan,38,326.00000000000000000000,49.39829999999976499000,0.32000000000000000000,192.50105304931508075946,568.21935304931484574946,2.69
Churned proxy,Consultant,start,persona_x_initial_plan,27,224.77083333300000000000,61.51823531002747620000,0.00000000000000000000,10.57056759780822325097,296.85963624083569945097,1.91
Active,Developer_IT,business,persona_x_initial_plan,17,905.00000000000000000000,671.93193959999642840000,0.00000000000000000000,154.67429727287672066609,1731.60623687287314906609,80.95
At-risk,Developer_IT,business,persona_x_initial_plan,3,240.00000000000000000000,5.51098799999997670000,0.00000000000000000000,0.69881371616438354500,246.20980171616436024500,14.29
Churned proxy,Developer_IT,business,persona_x_initial_plan,1,80.00000000000000000000,1349.71807026989560000000,0.00000000000000000000,5.50331420054794500000,1435.22138447044354500000,4.76
Active,Developer_IT,free,persona_x_initial_plan,598,219.56749999999999800000,4066.79794919997816842754,4347.60000000000000000000,9945.02300351835662141521,18578.98845271833478784275,91.44
At-risk,Developer_IT,free,persona_x_initial_plan,30,21.65000000000000000000,134.92681379999943947000,281.56000000000000000000,46.04789908328767279105,484.18471288328711226105,4.59
Churned proxy,Developer_IT,free,persona_x_initial_plan,26,0.00000000000000000000,37.16567943530997448000,281.04000000000000000000,24.77138501863014498566,342.97706445394011946566,3.98
Active,Developer_IT,plus,persona_x_initial_plan,105,2146.39280913800000000000,4525.95155399997536027000,139.00000000000000000000,2034.67728783726029470203,8846.02165097523565497203,89.74
At-risk,Developer_IT,plus,persona_x_initial_plan,6,125.00000000000000000000,1.70999999999999310000,0.00000000000000000000,30.00249022356164702960,156.71249022356164012960,5.13
Churned proxy,Developer_IT,plus,persona_x_initial_plan,6,75.00000000000000000000,5.13163799999997310000,0.00000000000000000000,23.85193713863016581580,103.98357513863013891580,5.13
Active,Developer_IT,start,persona_x_initial_plan,616,5756.22798694300000200000,6454.46484179996501028000,2098.40000000000000000000,11286.07649001479488058041,25595.16931875775989286041,96.7
At-risk,Developer_IT,start,persona_x_initial_plan,13,125.93750000000000000000,20.99343599999989610000,0.60000000000000000000,73.63369314246576596128,221.16462914246566206128,2.04
Churned proxy,Developer_IT,start,persona_x_initial_plan,8,55.00000000000000000000,145.09310066324899690500,0.00000000000000000000,8.26726491726027749600,208.36036558050927440100,1.26
Active,Media_Publishing,business,persona_x_initial_plan,3,160.00000000000000000000,136.44413999999926600000,0.00000000000000000000,9.09398320054794508800,305.53812320054721108800,75.0
At-risk,Media_Publishing,business,persona_x_initial_plan,1,80.00000000000000000000,0.00000000000000000000,0.00000000000000000000,0.00018859561643835618,80.00018859561643835618,25.0
Active,Media_Publishing,free,persona_x_initial_plan,272,141.11000000000000200000,1340.26508159999273464600,1138.36000000000000000000,1185.08313029095894914953,3804.81821189095168579553,93.79
At-risk,Media_Publishing,free,persona_x_initial_plan,13,0.00000000000000000000,20.90780999999989954100,2.40000000000000000000,11.92437332767123258786,35.23218332767113212886,4.48
Churned proxy,Media_Publishing,free,persona_x_initial_plan,5,0.00000000000000000000,0.00000000000000000000,0.00000000000000000000,0.66545836493150706768,0.66545836493150706768,1.72
Active,Media_Publishing,plus,persona_x_initial_plan,37,756.00000000000000000000,1996.02804059998875844100,218.14000000000000000000,1277.19614264438355397280,4247.36418324437231241380,94.87
At-risk,Media_Publishing,plus,persona_x_initial_plan,1,0.00000000000000000000,0.00000000000000000000,0.00000000000000000000,0.00046524054794520550,0.00046524054794520550,2.56
Churned proxy,Media_Publishing,plus,persona_x_initial_plan,1,25.00000000000000000000,0.03360067980960969300,0.00000000000000000000,0.00012367123287671233,25.03372435104248640533,2.56
Active,Media_Publishing,start,persona_x_initial_plan,301,2829.12021848700000000000,3162.64681799998273110000,2005.22000000000000000000,4528.96474526958937681941,12525.95178175657210791941,96.17
At-risk,Media_Publishing,start,persona_x_initial_plan,9,55.00000000000000000000,18.99236699999990640000,26.12000000000000000000,1.31818491287671256707,101.43055191287661896707,2.88
Churned proxy,Media_Publishing,start,persona_x_initial_plan,3,22.00000000000000000000,0.00000000000000000000,138.00000000000000000000,28.26723095068492842430,188.26723095068492842430,0.96
Active,Medical_Professionals,free,persona_x_initial_plan,96,29.00000000000000000000,390.82780799999789196400,181.59999999999999960000,1152.16915494246579110700,1753.59696294246368267100,96.97
At-risk,Medical_Professionals,free,persona_x_initial_plan,3,0.00000000000000000000,0.51299999999999757000,6.00000000000000000000,2.72473931780821982120,9.23773931780821739120,3.03
Active,Medical_Professionals,plus,persona_x_initial_plan,9,200.00000000000000000000,595.13137199999679340000,74.40000000000000000000,785.93963042904102960000,1655.47100242903782300000,90.0
At-risk,Medical_Professionals,plus,persona_x_initial_plan,1,0.00000000000000000000,0.00000000000000000000,0.00000000000000000000,0.01323726027397260400,0.01323726027397260400,10.0
Active,Medical_Professionals,start,persona_x_initial_plan,108,991.93548387100000000000,1176.95411999999359024000,55.40000000000000000000,1105.18952932821915867850,3329.47913319921274891850,95.58
At-risk,Medical_Professionals,start,persona_x_initial_plan,2,0.00000000000000000000,0.00000000000000000000,0.00000000000000000000,0.02040849315068493494,0.02040849315068493494,1.77
Churned proxy,Medical_Professionals,start,persona_x_initial_plan,3,22.00000000000000000000,0.00000000000000000000,0.00000000000000000000,2.80921698630136975000,24.80921698630136975000,2.65
Active,Others,business,persona_x_initial_plan,34,2130.00000000000000000000,915.23634479999503424000,507.97999999999999860000,719.94673782191782731476,4273.16308262191286015476,54.84
At-risk,Others,business,persona_x_initial_plan,11,651.00000000000000000000,21.91885199999989412000,30.65999999999999910000,12.69032683013698770123,716.26917883013688092123,17.74
Churned proxy,Others,business,persona_x_initial_plan,17,160.00000000000000000000,2441.47702553822611500000,4.00000000000000000000,74.85963387452056940400,2680.33665941274668440400,27.42
Active,Others,free,persona_x_initial_plan,1070,627.40548387100000400000,7370.21359619996012403900,3338.04000000000000000000,5237.46517026794550032389,16573.12425033890562836289,92.72
At-risk,Others,free,persona_x_initial_plan,54,23.87999999999999900000,63.31528799999970892000,166.68000000000000000000,35.67119328109589721341,289.54648128109560513341,4.68
Churned proxy,Others,free,persona_x_initial_plan,30,46.15000000000000000000,527.97665914263122323000,162.00000000000000000000,304.35077327013691402093,1040.47743241276813725093,2.6
Active,Others,plus,persona_x_initial_plan,350,7553.62499999800000000000,10664.78538059994245742400,1953.26000000000000000000,3282.26928084876721780993,23453.93966144670967523393,88.16
At-risk,Others,plus,persona_x_initial_plan,23,211.00000000000000000000,96.47468999999958499000,0.00000000000000000000,35.78039971671233449735,343.25508971671191948735,5.79
Churned proxy,Others,plus,persona_x_initial_plan,24,150.00000000000000000000,267.26893073229130670000,4.00000000000000000000,23.26577156986302658462,444.53470230215433328462,6.05
Active,Others,start,persona_x_initial_plan,1224,11819.05384408653124750000,15425.16468119991641594200,4417.74000000000000000000,8772.62302921369882084012,40434.58155450014648428212,93.01
At-risk,Others,start,persona_x_initial_plan,56,383.62500000000000000000,892.99864619999633573000,23.88000000000000000000,59.32644137095889882894,1359.83008757095523455894,4.26
Churned proxy,Others,start,persona_x_initial_plan,36,183.00000000000000000000,251.58369701221017127000,10.00000000000000000000,13.04713062246576171829,457.63082763467593298829,2.74
Active,Professeur,business,persona_x_initial_plan,2,160.00000000000000000000,231.81125399999876500000,100.00000000000000000000,67.80628691123288340000,559.61754091123164840000,50.0
At-risk,Professeur,business,persona_x_initial_plan,1,80.00000000000000000000,0.17099999999999932000,0.00000000000000000000,0.01347494849315068600,80.18447494849315000600,25.0
Churned proxy,Professeur,business,persona_x_initial_plan,1,0.00000000000000000000,100.11322549273208000000,0.00000000000000000000,0.37139867397260273000,100.48462416670468273000,25.0
Active,Professeur,free,persona_x_initial_plan,228,222.58000000000000000000,1040.40510299999444359400,451.10000000000000000000,1063.95005235616454057223,2778.03515535615898416623,91.57
At-risk,Professeur,free,persona_x_initial_plan,12,0.00000000000000000000,1.98907199999999200000,8.00000000000000000000,4.81809128054794484290,14.80716328054793684290,4.82
Churned proxy,Professeur,free,persona_x_initial_plan,9,0.00000000000000000000,0.00000000000000000000,0.80000000000000000000,12.62192227178082517252,13.42192227178082517252,3.61
Active,Professeur,plus,persona_x_initial_plan,32,669.81720430100000000000,732.74902919999596020000,170.00000000000000000000,746.73809286082205876397,2319.30432636181801896397,96.97
At-risk,Professeur,plus,persona_x_initial_plan,1,25.00000000000000000000,596.27161799999772000000,0.00000000000000000000,3.97397167232876700000,625.24558967232648700000,3.03
Active,Professeur,start,persona_x_initial_plan,246,2438.15456989200000000000,1994.13513539998927910000,398.20000000000000000000,1700.54891417808232093902,6531.03861947007160003902,95.72
At-risk,Professeur,start,persona_x_initial_plan,6,66.00000000000000000000,7.38685799999996395000,0.00000000000000000000,3.07145060164383647530,76.45830860164380042530,2.33
Churned proxy,Professeur,start,persona_x_initial_plan,5,11.00000000000000000000,11.84527445398180440000,0.00000000000000000000,0.85962503561643826050,23.70489948959824266050,1.95
Churned proxy,Repair,business,persona_x_initial_plan,1,0.00000000000000000000,139.81914882374784000000,0.00000000000000000000,0.51576078904109600000,140.33490961278893600000,100.0
Active,Repair,free,persona_x_initial_plan,52,47.00000000000000000000,511.52131799999728465500,39.20000000000000000000,81.42094764109589560664,679.14226564109318026164,83.87
At-risk,Repair,free,persona_x_initial_plan,5,0.00000000000000000000,1.49939999999999319000,24.00000000000000000000,9.27430694794520665600,34.77370694794519984600,8.06
Churned proxy,Repair,free,persona_x_initial_plan,5,0.00000000000000000000,0.00000000000000000000,4.00000000000000000000,6.00567132986301515253,10.00567132986301515253,8.06
Active,Repair,plus,persona_x_initial_plan,11,201.00000000000000000000,138.80590199999925829000,0.00000000000000000000,85.75379022246574351810,425.55969222246500180810,91.67
At-risk,Repair,plus,persona_x_initial_plan,1,25.00000000000000000000,0.00000000000000000000,0.00000000000000000000,0.09153534246575344100,25.09153534246575344100,8.33
Active,Repair,start,persona_x_initial_plan,41,352.82426075200000000000,332.00123399999821906000,27.14000000000000000000,206.11971755726028333980,918.08521230925850239980,93.18
At-risk,Repair,start,persona_x_initial_plan,1,11.00000000000000000000,0.00000000000000000000,0.00000000000000000000,0.05441800328767124700,11.05441800328767124700,2.27
Churned proxy,Repair,start,persona_x_initial_plan,2,11.00000000000000000000,12.73915799999993100000,0.00000000000000000000,1.61790161753424668640,25.35705961753417768640,4.55
Active,Repair_Installation,business,persona_x_initial_plan,1,80.00000000000000000000,0.00000000000000000000,0.00000000000000000000,0.28617468493150683000,80.28617468493150683000,100.0
Active,Repair_Installation,free,persona_x_initial_plan,12,11.00000000000000000000,149.63252399999916813000,16.80000000000000000000,76.99869647123288168800,254.43122047123204981800,100.0
Active,Repair_Installation,plus,persona_x_initial_plan,6,115.00000000000000000000,575.51970599999678690000,0.00000000000000000000,76.76060220219177730000,767.28030820218856420000,100.0
Active,Repair_Installation,start,persona_x_initial_plan,18,188.64645161300000000000,331.44028199999821593000,0.00000000000000000000,346.04484881808220930400,866.13158243108042523400,94.74
At-risk,Repair_Installation,start,persona_x_initial_plan,1,11.00000000000000000000,0.00000000000000000000,0.00000000000000000000,0.01212328767123287800,11.01212328767123287800,5.26
Active,Restauration,business,persona_x_initial_plan,2,160.00000000000000000000,48.98906999999974190000,0.00000000000000000000,0.51383941479452058000,209.50290941479426248000,66.67
Churned proxy,Restauration,business,persona_x_initial_plan,1,0.00000000000000000000,132.35307777005255000000,0.00000000000000000000,1.90205549589041120000,134.25513326594296120000,33.33
Active,Restauration,free,persona_x_initial_plan,140,170.72677419400000000000,1596.36518999999128030500,1075.60000000000000000000,547.93303154739725336464,3390.62499574138853366964,89.17
At-risk,Restauration,free,persona_x_initial_plan,9,0.00000000000000000000,0.99044999999999506000,36.51999999999999600000,0.90376215178082189180,38.41421215178081295180,5.73
Churned proxy,Restauration,free,persona_x_initial_plan,8,0.00000000000000000000,5.59021423166930920000,8.00000000000000000000,3.78381032602739758420,17.37402455769670678420,5.1
Active,Restauration,plus,persona_x_initial_plan,72,1606.63118279500000000000,5814.35402759996922294700,1092.00000000000000000000,754.64297261205484586165,9267.62818300702406880865,93.51
At-risk,Restauration,plus,persona_x_initial_plan,3,75.00000000000000000000,31.28641199999984600000,0.00000000000000000000,1.07155349643835621600,107.35796549643820221600,3.9
Churned proxy,Restauration,plus,persona_x_initial_plan,2,0.00000000000000000000,449.90279999999768000000,0.00000000000000000000,3.56484829479452042065,453.46764829479220042065,2.6
Active,Restauration,start,persona_x_initial_plan,217,2097.13814516100000100000,4980.09355919997288246900,1199.58000000000000000000,1285.62339707835630274062,9562.43510143932918620962,93.53
At-risk,Restauration,start,persona_x_initial_plan,9,75.00000000000000000000,0.87209999999999660000,-4.00000000000000000000,2.02316943013698647523,73.89526943013698307523,3.88
Churned proxy,Restauration,start,persona_x_initial_plan,6,31.00000000000000000000,64.50281150368112150000,4.00000000000000000000,5.13057572821918011240,104.63338723190030161240,2.59
Active,Retail,business,persona_x_initial_plan,22,1280.00000000000000000000,1250.27239859999329373000,35.00000000000000000000,99.21302384273974725070,2664.48542244273304098070,68.75
At-risk,Retail,business,persona_x_initial_plan,7,80.00000000000000000000,721.05121799999715479000,0.00000000000000000000,6.73889994904109456230,807.79011794903824935230,21.88
Churned proxy,Retail,business,persona_x_initial_plan,3,80.00000000000000000000,230.28514011160750000000,0.00000000000000000000,17.18419387506851209000,327.46933398667601209000,9.38
Active,Retail,free,persona_x_initial_plan,899,520.29999999999999900000,7191.34352279996107946544,2083.56000000000000260000,3349.68928133589040410555,13144.89280413585148517099,91.55
At-risk,Retail,free,persona_x_initial_plan,54,0.00000000000000000000,239.69321999999896589100,240.25999999999999940000,40.19807369095890969491,520.15129369095787498591,5.5
Churned proxy,Retail,free,persona_x_initial_plan,29,0.00000000000000000000,200.31468457190242373000,13.60000000000000000000,58.86763668931509397069,272.78232126121751770069,2.95
Active,Retail,plus,persona_x_initial_plan,245,4961.04276881500000000000,11483.06797079993666101900,1251.88000000000000000000,3457.01497657315079902655,21153.00571618808746004555,85.96
At-risk,Retail,plus,persona_x_initial_plan,19,300.00000000000000000000,786.71198699999681500000,4.10000000000000000000,10.89500776000000099834,1101.70699475999681599834,6.67
Churned proxy,Retail,plus,persona_x_initial_plan,21,275.00000000000000000000,566.96239396910316954300,0.00000000000000000000,49.11295736547945769964,891.07535133458262724264,7.37
Active,Retail,start,persona_x_initial_plan,999,9686.93903225646875200000,14348.73039119992225981100,4121.14000000000000000000,9764.84468232383538539533,37921.65410578022639720633,91.07
At-risk,Retail,start,persona_x_initial_plan,53,407.31250000000000000000,248.85871019999886894200,36.34000000000000000000,87.48107302465756519366,779.99228322465643413566,4.83
Churned proxy,Retail,start,persona_x_initial_plan,45,315.00000000000000000000,205.03132459223117402000,0.00000000000000000000,214.70104706301380306335,734.73237165524497708335,4.1
Active,Wholesale,business,persona_x_initial_plan,17,1040.00000000000000000000,944.41734359999531241200,0.08000000000000000000,140.22446936602738928600,2124.72181296602270169800,89.47
At-risk,Wholesale,business,persona_x_initial_plan,2,160.00000000000000000000,39.05013599999984600000,0.00000000000000000000,0.65399210958904119300,199.70412810958888719300,10.53
Active,Wholesale,free,persona_x_initial_plan,121,116.80000000000000000000,1324.95292079999279908000,1180.24000000000000000000,1324.10239529972611754440,3946.09531609971891662440,90.98
At-risk,Wholesale,free,persona_x_initial_plan,8,0.00000000000000000000,41.38084799999979960000,22.40000000000000000000,78.47712504712330081650,142.25797304712310041650,6.02
Churned proxy,Wholesale,free,persona_x_initial_plan,4,0.00000000000000000000,0.00000000000000000000,0.00000000000000000000,2.27214422356164379130,2.27214422356164379130,3.01
Active,Wholesale,plus,persona_x_initial_plan,85,1866.40860215000000000000,4098.44499299997771553400,257.08000000000000000000,1050.87651479780821236249,7272.81010994778592789649,93.41
At-risk,Wholesale,plus,persona_x_initial_plan,1,0.00000000000000000000,138.43616399999945000000,0.00000000000000000000,1.71104895342465780000,140.14721295342410780000,1.1
Churned proxy,Wholesale,plus,persona_x_initial_plan,5,75.00000000000000000000,0.33121799999999824500,0.00000000000000000000,0.07799072438356169283,75.40920872438355993783,5.49
Active,Wholesale,start,persona_x_initial_plan,177,1788.32838709700000000000,2529.02134079998629296800,261.08000000000000000000,1883.31088091013700556839,6461.74060880712329853639,93.65
At-risk,Wholesale,start,persona_x_initial_plan,8,49.90625000000000000000,0.19709999999999922000,0.00000000000000000000,44.41803514301370380500,94.52138514301370302500,4.23
Churned proxy,Wholesale,start,persona_x_initial_plan,4,33.00000000000000000000,18.23846399999990489000,9.60000000000000000000,3.53868997479452075390,64.37715397479442564390,2.12
