reporting_month,persona,initial_subscription_group,segment_level,revenue_companies_two_months_prior,confirmed_two_month_inactive_companies,base_month_revenue,revenue_from_confirmed_inactive_companies,confirmed_two_month_inactivity_rate_pct,confirmed_two_month_revenue_rate_pct
2025-12-01,ALL,business,initial_plan,28,3,1802.48041352295706503951,444.05139485054261270000,10.71,24.64
2025-12-01,ALL,free,initial_plan,408,14,11132.18962929544522884208,710.96507239491123275950,3.43,6.39
2025-12-01,ALL,plus,initial_plan,210,10,8606.70509217430842841483,321.70250932088662823800,4.76,3.74
2025-12-01,ALL,start,initial_plan,547,8,14063.50712963112283309501,141.13672151154975020772,1.46,1.0
2025-12-01,ALL,ALL,overall,1193,35,35604.88226462383355539143,1617.85569807789022390522,2.93,4.54
2025-12-01,Automobile_Trade_Repair,ALL,persona,53,0,3486.51424778167305425006,,0.0,
2025-12-01,BTP,ALL,persona,239,11,7075.62178786533623010768,679.70207088410078278530,4.6,9.61
2025-12-01,Bankers_Insurance,ALL,persona,15,0,720.01274181904369897220,,0.0,
2025-12-01,Bikers_Drivers,ALL,persona,99,6,2988.00434419634512636350,383.55544849620248508782,6.06,12.84
2025-12-01,Cleaning_CallCenters,ALL,persona,6,0,149.24100030520547723484,,0.0,
2025-12-01,Consultant,ALL,persona,202,3,5059.52903145220695517783,7.54414354002697987000,1.49,0.15
2025-12-01,Developer_IT,ALL,persona,90,6,3284.30133045510412427440,146.83888604572108425880,6.67,4.47
2025-12-01,Media_Publishing,ALL,persona,34,1,710.88591607028441105265,118.04837347945205480000,2.94,16.61
2025-12-01,Medical_Professionals,ALL,persona,14,0,25.76206821898285485943,,0.0,
2025-12-01,Others,ALL,persona,191,6,4970.94465112956174690856,134.56704717009429742330,3.14,2.71
2025-12-01,Professeur,ALL,persona,34,0,207.23198315856786538550,,0.0,
2025-12-01,Repair,ALL,persona,8,0,177.10865082377769404280,,0.0,
2025-12-01,Restauration,ALL,persona,28,0,1217.39735617144830753890,,0.0,
2025-12-01,Retail,ALL,persona,157,2,5076.46450528032988220562,147.59972846229253968000,1.27,2.91
2025-12-01,Wholesale,ALL,persona,23,0,455.86264989596612701746,,0.0,
2025-12-01,Automobile_Trade_Repair,business,persona_x_initial_plan,5,0,129.54446276924893101680,,0.0,
2025-12-01,Automobile_Trade_Repair,free,persona_x_initial_plan,15,0,456.78125388634078392486,,0.0,
2025-12-01,Automobile_Trade_Repair,plus,persona_x_initial_plan,11,0,529.20196269822303578200,,0.0,
2025-12-01,Automobile_Trade_Repair,start,persona_x_initial_plan,22,0,2370.98656842786030352640,,0.0,
2025-12-01,BTP,business,persona_x_initial_plan,8,1,743.89655500790343935000,167.50347587832482910000,12.5,22.52
2025-12-01,BTP,free,persona_x_initial_plan,73,4,2057.96252622807252244390,280.33120024070823456650,5.48,13.62
2025-12-01,BTP,plus,persona_x_initial_plan,67,4,2114.27796744281269514613,231.82316681986223967100,5.97,10.96
2025-12-01,BTP,start,persona_x_initial_plan,91,2,2159.48473918654757316765,0.04422794520547944780,2.2,0.0
2025-12-01,Bankers_Insurance,free,persona_x_initial_plan,8,0,299.11712315013698272220,,0.0,
2025-12-01,Bankers_Insurance,start,persona_x_initial_plan,7,0,420.89561866890671625000,,0.0,
2025-12-01,Bikers_Drivers,business,persona_x_initial_plan,5,0,297.18655090650905367970,,0.0,
2025-12-01,Bikers_Drivers,free,persona_x_initial_plan,35,1,1000.84366750082648500702,165.20903525587917430000,2.86,16.51
2025-12-01,Bikers_Drivers,plus,persona_x_initial_plan,26,3,775.16200376528228401490,85.52381029221359550920,11.54,11.03
2025-12-01,Bikers_Drivers,start,persona_x_initial_plan,33,2,914.81212202372730366188,132.82260294810971527862,6.06,14.52
2025-12-01,Cleaning_CallCenters,free,persona_x_initial_plan,4,0,139.62245045698630113484,,0.0,
2025-12-01,Cleaning_CallCenters,start,persona_x_initial_plan,2,0,9.61854984821917610000,,0.0,
2025-12-01,Consultant,business,persona_x_initial_plan,2,0,4.81070023616438436301,,0.0,
2025-12-01,Consultant,free,persona_x_initial_plan,80,2,2483.46164341116695007828,0.42399211287671227000,2.5,0.02
2025-12-01,Consultant,plus,persona_x_initial_plan,15,0,331.07391925646775353040,,0.0,
2025-12-01,Consultant,start,persona_x_initial_plan,105,1,2240.18276854840786720614,7.12015142715026760000,0.95,0.32
2025-12-01,Developer_IT,free,persona_x_initial_plan,35,4,905.94603461665353940470,146.56024555257039930300,11.43,16.18
2025-12-01,Developer_IT,plus,persona_x_initial_plan,13,1,509.12535689828422086180,0.00384597260273972580,7.69,0.0
2025-12-01,Developer_IT,start,persona_x_initial_plan,42,1,1869.22993894016636400790,0.27479452054794523000,2.38,0.01
2025-12-01,Media_Publishing,free,persona_x_initial_plan,15,1,265.17795093847789228299,118.04837347945205480000,6.67,44.52
2025-12-01,Media_Publishing,plus,persona_x_initial_plan,1,0,86.61230918116808300000,,0.0,
2025-12-01,Media_Publishing,start,persona_x_initial_plan,18,0,359.09565595063843576966,,0.0,
2025-12-01,Medical_Professionals,free,persona_x_initial_plan,5,0,8.65905558621354764900,,0.0,
2025-12-01,Medical_Professionals,plus,persona_x_initial_plan,1,0,0.02746849315068492600,,0.0,
2025-12-01,Medical_Professionals,start,persona_x_initial_plan,8,0,17.07554413961862228443,,0.0,
2025-12-01,Others,business,persona_x_initial_plan,6,1,477.95256366522227873000,128.97016968800743570000,16.67,26.98
2025-12-01,Others,free,persona_x_initial_plan,59,1,1707.23183782586830288093,0.37024657534246574000,1.69,0.02
2025-12-01,Others,plus,persona_x_initial_plan,34,2,1118.29485788898208482427,4.35168623620805333200,5.88,0.39
2025-12-01,Others,start,persona_x_initial_plan,92,2,1667.46539174948908047336,0.87494467053634265130,2.17,0.05
2025-12-01,Professeur,free,persona_x_initial_plan,12,0,128.26939399285228624650,,0.0,
2025-12-01,Professeur,plus,persona_x_initial_plan,1,0,0.54936986301369872000,,0.0,
2025-12-01,Professeur,start,persona_x_initial_plan,21,0,78.41321930270188041900,,0.0,
2025-12-01,Repair,free,persona_x_initial_plan,3,0,138.54418305101560620280,,0.0,
2025-12-01,Repair,plus,persona_x_initial_plan,1,0,17.80104044394788773000,,0.0,
2025-12-01,Repair,start,persona_x_initial_plan,4,0,20.76342732881420011000,,0.0,
2025-12-01,Restauration,free,persona_x_initial_plan,9,0,165.17762419751720115930,,0.0,
2025-12-01,Restauration,plus,persona_x_initial_plan,12,0,806.28584172652318450260,,0.0,
2025-12-01,Restauration,start,persona_x_initial_plan,7,0,245.93389024740792187700,,0.0,
2025-12-01,Retail,business,persona_x_initial_plan,1,1,147.57774928421034790000,147.57774928421034790000,100.0,100.0
2025-12-01,Retail,free,persona_x_initial_plan,49,1,1076.08659431227044090500,0.02197917808219178000,2.04,0.0
2025-12-01,Retail,plus,persona_x_initial_plan,25,0,2284.73358884403999711673,,0.0,
2025-12-01,Retail,start,persona_x_initial_plan,82,0,1568.06657283980909628389,,0.0,
2025-12-01,Wholesale,business,persona_x_initial_plan,1,0,1.51183165369863000000,,0.0,
2025-12-01,Wholesale,free,persona_x_initial_plan,6,0,299.30829014104638679976,,0.0,
2025-12-01,Wholesale,plus,persona_x_initial_plan,3,0,33.55940567241281826000,,0.0,
2025-12-01,Wholesale,start,persona_x_initial_plan,13,0,121.48312242880829195770,,0.0,
2026-01-01,ALL,business,initial_plan,75,7,9342.47716699341096182810,1723.57189786765108034600,9.33,18.45
2026-01-01,ALL,free,initial_plan,1312,47,33818.59831048509259723865,707.04815559158444447976,3.58,2.09
2026-01-01,ALL,plus,initial_plan,560,26,28575.11143254764994852496,1104.84691736695216059629,4.64,3.87
2026-01-01,ALL,start,initial_plan,1631,37,52124.58899088532758018860,714.25936971593788482651,2.27,1.37
2026-01-01,ALL,ALL,overall,3578,117,123860.77590091148108778031,4249.72634054212557024856,3.27,3.43
2026-01-01,Automobile_Trade_Repair,ALL,persona,146,7,5894.28626074783803092605,149.53658083169457685280,4.79,2.54
2026-01-01,BTP,ALL,persona,678,18,37451.38422406024718230137,587.89795947973906411907,2.65,1.57
2026-01-01,Bankers_Insurance,ALL,persona,46,2,1315.54659899533135767830,149.61575532261908659000,4.35,11.37
2026-01-01,Bikers_Drivers,ALL,persona,247,22,8357.34738995968362365995,1146.04416588115750223011,8.91,13.71
2026-01-01,Cleaning_CallCenters,ALL,persona,22,0,621.47246890992193310958,,0.0,
2026-01-01,Consultant,ALL,persona,633,12,19397.21295246932085177623,57.31176497250403734381,1.9,0.3
2026-01-01,Developer_IT,ALL,persona,314,10,11214.93035414679655422977,1516.48670947560579659500,3.18,13.52
2026-01-01,Media_Publishing,ALL,persona,121,1,4141.46512087032933295380,0.02197917808219178000,0.83,0.0
2026-01-01,Medical_Professionals,ALL,persona,43,0,469.27921096920548699200,,0.0,
2026-01-01,Others,ALL,persona,544,19,12354.71968269589363759397,461.14111591182573762681,3.49,3.73
2026-01-01,Professeur,ALL,persona,108,4,1712.00201144346665813440,13.53685937135252723002,3.7,0.79
2026-01-01,Repair,ALL,persona,23,2,294.07434259230702640863,0.00157910136986301413,8.7,0.0
2026-01-01,Repair_Installation,ALL,persona,9,0,273.96348598877871716600,,0.0,
2026-01-01,Restauration,ALL,persona,86,4,3136.09928481625359788080,8.88149373366749357300,4.65,0.28
2026-01-01,Retail,ALL,persona,474,14,14290.30534378326199290599,146.69004346497344664551,2.95,1.03
2026-01-01,Wholesale,ALL,persona,84,2,2936.68716846284510406347,12.56033381753424664830,2.38,0.43
2026-01-01,Automobile_Trade_Repair,business,persona_x_initial_plan,10,2,958.61372078501615240775,90.05315939968038703400,20.0,9.39
2026-01-01,Automobile_Trade_Repair,free,persona_x_initial_plan,44,1,1178.99591998506881758210,0.04849705643835617400,2.27,0.0
2026-01-01,Automobile_Trade_Repair,plus,persona_x_initial_plan,38,1,2636.20007661876689583050,25.05609872735665546290,2.63,0.95
2026-01-01,Automobile_Trade_Repair,start,persona_x_initial_plan,54,3,1120.47654335898616510570,34.37882564821917818190,5.56,3.07
2026-01-01,BTP,business,persona_x_initial_plan,19,1,3137.93174069060461392570,99.60444277862354121000,5.26,3.17
2026-01-01,BTP,free,persona_x_initial_plan,215,3,11063.06595633944370427029,140.61745429798941613500,1.4,1.27
2026-01-01,BTP,plus,persona_x_initial_plan,157,8,10184.25207424482806713401,211.62203344471071384647,5.1,2.08
2026-01-01,BTP,start,persona_x_initial_plan,287,6,13066.13445278537079697137,136.05402895841539292760,2.09,1.04
2026-01-01,Bankers_Insurance,free,persona_x_initial_plan,27,1,639.47637052792408010830,138.03710136986301370000,3.7,21.59
2026-01-01,Bankers_Insurance,start,persona_x_initial_plan,19,1,676.07022846740727757000,11.57865395275607289000,5.26,1.71
2026-01-01,Bikers_Drivers,business,persona_x_initial_plan,11,2,1239.87026637444800239970,98.00496491753374410200,18.18,7.9
2026-01-01,Bikers_Drivers,free,persona_x_initial_plan,89,8,1989.79327890345301531170,364.33739571311982576521,8.99,18.31
2026-01-01,Bikers_Drivers,plus,persona_x_initial_plan,55,8,3412.13875319752770034525,658.14346380779821530350,14.55,19.29
2026-01-01,Bikers_Drivers,start,persona_x_initial_plan,92,4,1715.54509148425490560330,25.55834144270571705940,4.35,1.49
2026-01-01,Cleaning_CallCenters,business,persona_x_initial_plan,1,0,80.08898060273972602200,,0.0,
2026-01-01,Cleaning_CallCenters,free,persona_x_initial_plan,9,0,244.01355562153322580018,,0.0,
2026-01-01,Cleaning_CallCenters,plus,persona_x_initial_plan,4,0,10.43624388938610942140,,0.0,
2026-01-01,Cleaning_CallCenters,start,persona_x_initial_plan,8,0,286.93368879626287186600,,0.0,
2026-01-01,Consultant,business,persona_x_initial_plan,7,1,335.76532589474962452025,0.68794630136986300000,14.29,0.2
2026-01-01,Consultant,free,persona_x_initial_plan,261,7,7042.20507805720616270427,13.05092108209307822200,2.68,0.19
2026-01-01,Consultant,plus,persona_x_initial_plan,56,0,2974.24615323939929828120,,0.0,
2026-01-01,Consultant,start,persona_x_initial_plan,309,4,9044.99639527796576627051,43.57289758904109612181,1.29,0.48
2026-01-01,Developer_IT,business,persona_x_initial_plan,4,1,1686.70296450998729789300,1435.22138447044354500000,25.0,85.09
2026-01-01,Developer_IT,free,persona_x_initial_plan,130,7,3354.60626965659987998755,10.86084657972602559400,5.38,0.32
2026-01-01,Developer_IT,plus,persona_x_initial_plan,26,0,1535.43392885693704804660,,0.0,
2026-01-01,Developer_IT,start,persona_x_initial_plan,154,2,4638.18719112327232830262,70.40447842543622600100,1.3,1.52
2026-01-01,Media_Publishing,business,persona_x_initial_plan,1,0,138.06950756164383561900,,0.0,
2026-01-01,Media_Publishing,free,persona_x_initial_plan,59,0,790.59242947329396285940,,0.0,
2026-01-01,Media_Publishing,plus,persona_x_initial_plan,8,0,309.80554315924070790300,,0.0,
2026-01-01,Media_Publishing,start,persona_x_initial_plan,53,1,2902.99764067615082657240,0.02197917808219178000,1.89,0.0
2026-01-01,Medical_Professionals,free,persona_x_initial_plan,18,0,84.07264974874095437000,,0.0,
2026-01-01,Medical_Professionals,plus,persona_x_initial_plan,2,0,38.42662314406872070000,,0.0,
2026-01-01,Medical_Professionals,start,persona_x_initial_plan,23,0,346.77993807639581192200,,0.0,
2026-01-01,Others,business,persona_x_initial_plan,12,0,1223.79884471912308856970,,0.0,
2026-01-01,Others,free,persona_x_initial_plan,187,5,2441.38131126943714461035,20.44166975181138960849,2.67,0.84
2026-01-01,Others,plus,persona_x_initial_plan,95,7,2634.23764800567189371200,150.99369892133315198342,7.37,5.73
2026-01-01,Others,start,persona_x_initial_plan,250,7,6055.30187870166151070192,289.70574723868119603490,2.8,4.78
2026-01-01,Professeur,free,persona_x_initial_plan,50,3,435.16926229626429337213,2.74957424657534327702,6.0,0.63
2026-01-01,Professeur,plus,persona_x_initial_plan,8,0,47.81826386585768757587,,0.0,
2026-01-01,Professeur,start,persona_x_initial_plan,50,1,1229.01448528134467718640,10.78728512477718395300,2.0,0.88
2026-01-01,Repair,free,persona_x_initial_plan,10,2,19.28155492387562503363,0.00157910136986301413,20.0,0.01
2026-01-01,Repair,plus,persona_x_initial_plan,1,0,37.72724009995606137000,,0.0,
2026-01-01,Repair,start,persona_x_initial_plan,12,0,237.06554756847534000500,,0.0,
2026-01-01,Repair_Installation,free,persona_x_initial_plan,3,0,148.73587340294042396600,,0.0,
2026-01-01,Repair_Installation,plus,persona_x_initial_plan,1,0,2.41704271939685790000,,0.0,
2026-01-01,Repair_Installation,start,persona_x_initial_plan,5,0,122.81056986644143530000,,0.0,
2026-01-01,Restauration,free,persona_x_initial_plan,29,4,623.16854194084257795320,8.88149373366749357300,13.79,1.43
2026-01-01,Restauration,plus,persona_x_initial_plan,19,0,998.59729797910363018360,,0.0,
2026-01-01,Restauration,start,persona_x_initial_plan,38,0,1514.33344489630738974400,,0.0,
2026-01-01,Retail,business,persona_x_initial_plan,5,0,165.24135385580777890000,,0.0,
2026-01-01,Retail,free,persona_x_initial_plan,157,5,3252.72578017806049169725,8.01819076413611886861,3.18,0.25
2026-01-01,Retail,plus,persona_x_initial_plan,70,2,2966.76289558301890611153,59.03162246575342400000,2.86,1.99
2026-01-01,Retail,start,persona_x_initial_plan,242,7,7905.57531416637481619721,79.64023023508390377690,2.89,1.01
2026-01-01,Wholesale,business,persona_x_initial_plan,5,0,376.39446199929084157100,,0.0,
2026-01-01,Wholesale,free,persona_x_initial_plan,24,1,511.31447816040823761230,0.00343189479452054830,4.17,0.0
2026-01-01,Wholesale,plus,persona_x_initial_plan,20,0,786.61164794449036401000,,0.0,
2026-01-01,Wholesale,start,persona_x_initial_plan,35,1,1262.36658035865566087017,12.55690192273972610000,2.86,0.99
2026-02-01,ALL,business,initial_plan,133,29,14954.18581083239717237967,4518.90332868355959023520,21.8,30.22
2026-02-01,ALL,free,initial_plan,2387,84,51336.29840400406393810849,1928.23465182178907821431,3.52,3.76
2026-02-01,ALL,plus,initial_plan,887,43,59888.87403454789146407856,1959.63630005756687382675,4.85,3.27
2026-02-01,ALL,start,initial_plan,2742,73,96918.03254774023684222238,1159.57994434717950604278,2.66,1.2
2026-02-01,ALL,ALL,overall,6149,229,223097.39079712458941678910,9566.35422491009504831904,3.72,4.29
2026-02-01,Automobile_Trade_Repair,ALL,persona,259,12,11209.80247569178015247538,219.42876399830862585440,4.63,1.96
2026-02-01,BTP,ALL,persona,1120,42,59378.18049729496181023074,1374.30212509042885837393,3.75,2.31
2026-02-01,Bankers_Insurance,ALL,persona,84,3,4285.56423469240683273874,140.25496893698630232778,3.57,3.27
2026-02-01,Bikers_Drivers,ALL,persona,376,36,10996.71911586666468567505,1321.13512199558608448439,9.57,12.01
2026-02-01,Cleaning_CallCenters,ALL,persona,32,1,1207.40346996257785599620,40.52804180463955143000,3.13,3.36
2026-02-01,Consultant,ALL,persona,1081,31,36492.11617318503274798271,1558.68906201071172410215,2.87,4.27
2026-02-01,Developer_IT,ALL,persona,532,13,16470.52374422413383018591,79.09804276274476588466,2.44,0.48
2026-02-01,Media_Publishing,ALL,persona,226,5,5918.28136798223989280265,163.47520351167497122541,2.21,2.76
2026-02-01,Medical_Professionals,ALL,persona,71,0,2037.77981591054650857037,,0.0,
2026-02-01,Others,ALL,persona,975,40,27908.92548590009081640341,3204.81494929710995883560,4.1,11.48
2026-02-01,Professeur,ALL,persona,186,4,3147.50946920861265211525,112.11094521645725345530,2.15,3.56
2026-02-01,Repair,ALL,persona,40,2,616.21858115171219313750,140.69111800730948420000,5.0,22.83
2026-02-01,Repair_Installation,ALL,persona,13,0,535.89418761166623327800,,0.0,
2026-02-01,Restauration,ALL,persona,164,5,5664.47933212704550272400,215.57696763781685453320,3.05,3.81
2026-02-01,Retail,ALL,persona,843,32,30121.51790936501305751025,971.18468010771787384451,3.8,3.22
2026-02-01,Wholesale,ALL,persona,147,3,7106.47493695010464496294,25.06423453260273976771,2.04,0.35
2026-02-01,Automobile_Trade_Repair,business,persona_x_initial_plan,12,0,1746.18951050395673216769,,0.0,
2026-02-01,Automobile_Trade_Repair,free,persona_x_initial_plan,71,5,1070.35292966012404979679,121.69565485743499449890,7.04,11.37
2026-02-01,Automobile_Trade_Repair,plus,persona_x_initial_plan,62,2,4886.78908790556669870640,42.26484138416130193500,3.23,0.86
2026-02-01,Automobile_Trade_Repair,start,persona_x_initial_plan,114,5,3506.47094762213267180450,55.46826775671232942050,4.39,1.58
2026-02-01,BTP,business,persona_x_initial_plan,39,6,4539.57936516607447658300,816.00429462460711923300,15.38,17.98
2026-02-01,BTP,free,persona_x_initial_plan,386,14,14637.11647456712392663653,140.76797133132033097593,3.63,0.96
2026-02-01,BTP,plus,persona_x_initial_plan,245,8,17913.59261494328951410225,223.93352761019374336540,3.27,1.25
2026-02-01,BTP,start,persona_x_initial_plan,450,14,22287.89204261847389290896,193.59633152430766479960,3.11,0.87
2026-02-01,Bankers_Insurance,free,persona_x_initial_plan,53,3,1640.80780883092554937874,140.25496893698630232778,5.66,8.55
2026-02-01,Bankers_Insurance,plus,persona_x_initial_plan,3,0,432.09739936702052380000,,0.0,
2026-02-01,Bankers_Insurance,start,persona_x_initial_plan,28,0,2212.65902649446075956000,,0.0,
2026-02-01,Bikers_Drivers,business,persona_x_initial_plan,14,3,1018.34486294128173964998,235.11273570736369403660,21.43,23.09
2026-02-01,Bikers_Drivers,free,persona_x_initial_plan,142,13,1986.05063088358176818719,124.23966705044892416421,9.15,6.26
2026-02-01,Bikers_Drivers,plus,persona_x_initial_plan,71,8,3668.28590862334807245953,750.37637493186271323970,11.27,20.46
2026-02-01,Bikers_Drivers,start,persona_x_initial_plan,149,12,4324.03771341845310537835,211.40634430591075304388,8.05,4.89
2026-02-01,Cleaning_CallCenters,business,persona_x_initial_plan,1,0,87.17705090350627200000,,0.0,
2026-02-01,Cleaning_CallCenters,free,persona_x_initial_plan,12,0,179.47104497036172069620,,0.0,
2026-02-01,Cleaning_CallCenters,plus,persona_x_initial_plan,7,0,529.51673322317282061000,,0.0,
2026-02-01,Cleaning_CallCenters,start,persona_x_initial_plan,12,1,411.23864086553704269000,40.52804180463955143000,8.33,9.86
2026-02-01,Consultant,business,persona_x_initial_plan,10,3,1449.86070911091786957270,463.25383426250885759560,30.0,31.95
2026-02-01,Consultant,free,persona_x_initial_plan,476,14,9525.87727335951422483509,665.61154925171085117455,2.94,6.99
2026-02-01,Consultant,plus,persona_x_initial_plan,84,6,7174.70636832942750654420,306.54959834073796283000,7.14,4.27
2026-02-01,Consultant,start,persona_x_initial_plan,511,8,18341.67182238517314703072,123.27408015575405250200,1.57,0.67
2026-02-01,Developer_IT,business,persona_x_initial_plan,3,0,276.98128629352013432600,,0.0,
2026-02-01,Developer_IT,free,persona_x_initial_plan,224,9,5992.02609994275198857485,12.39375746082192465966,4.02,0.21
2026-02-01,Developer_IT,plus,persona_x_initial_plan,39,1,2007.63342150026584132000,45.15881896986304200000,2.56,2.25
2026-02-01,Developer_IT,start,persona_x_initial_plan,266,3,8193.88293648759586596506,21.54546633205979922500,1.13,0.26
2026-02-01,Media_Publishing,business,persona_x_initial_plan,2,0,7.49256311428028019900,,0.0,
2026-02-01,Media_Publishing,free,persona_x_initial_plan,114,3,1286.07216451969833376454,0.31813669487906015008,2.63,0.02
2026-02-01,Media_Publishing,plus,persona_x_initial_plan,14,1,1246.24156011769414312533,25.03372435104248640533,7.14,2.01
2026-02-01,Media_Publishing,start,persona_x_initial_plan,96,1,3378.47508023056713571378,138.12334246575342467000,1.04,4.09
2026-02-01,Medical_Professionals,free,persona_x_initial_plan,29,0,342.60717346351533067567,,0.0,
2026-02-01,Medical_Professionals,plus,persona_x_initial_plan,5,0,809.11698990246223301000,,0.0,
2026-02-01,Medical_Professionals,start,persona_x_initial_plan,37,0,886.05565254456894488470,,0.0,
2026-02-01,Others,business,persona_x_initial_plan,30,12,3908.91379153575799214850,2449.56621234117767525000,40.0,62.67
2026-02-01,Others,free,persona_x_initial_plan,364,10,6848.65971518835359608166,671.36410918008880961600,2.75,9.8
2026-02-01,Others,plus,persona_x_initial_plan,147,7,6906.16401627369419803875,8.50682092493151525400,4.76,0.12
2026-02-01,Others,start,persona_x_initial_plan,434,11,10245.18796290228503013450,75.37780685091195871560,2.53,0.74
2026-02-01,Professeur,business,persona_x_initial_plan,2,1,180.72774981782344766280,100.48462416670468273000,50.0,55.6
2026-02-01,Professeur,free,persona_x_initial_plan,80,2,539.82617494782417458042,0.48289090410958910200,2.5,0.09
2026-02-01,Professeur,plus,persona_x_initial_plan,12,0,353.73310834398212772863,,0.0,
2026-02-01,Professeur,start,persona_x_initial_plan,92,1,2073.22243609898290214340,11.14343014564298162330,1.09,0.54
2026-02-01,Repair,business,persona_x_initial_plan,1,1,140.33490961278893600000,140.33490961278893600000,100.0,100.0
2026-02-01,Repair,free,persona_x_initial_plan,16,1,104.88549544633626541520,0.35620839452054820000,6.25,0.34
2026-02-01,Repair,plus,persona_x_initial_plan,3,0,61.83975744607627183000,,0.0,
2026-02-01,Repair,start,persona_x_initial_plan,20,0,309.15841864651071989230,,0.0,
2026-02-01,Repair_Installation,free,persona_x_initial_plan,5,0,134.94080715304693014800,,0.0,
2026-02-01,Repair_Installation,plus,persona_x_initial_plan,1,0,72.06715366237462200000,,0.0,
2026-02-01,Repair_Installation,start,persona_x_initial_plan,7,0,328.88622679624468113000,,0.0,
2026-02-01,Restauration,business,persona_x_initial_plan,1,1,134.25513326594296120000,134.25513326594296120000,100.0,100.0
2026-02-01,Restauration,free,persona_x_initial_plan,59,1,742.98088883603818542880,4.50924090622099671120,1.69,0.61
2026-02-01,Restauration,plus,persona_x_initial_plan,33,1,2546.18495000410961593820,6.34438299484837939200,3.03,0.25
2026-02-01,Restauration,start,persona_x_initial_plan,71,2,2241.05836002095474015700,70.46821047080451723000,2.82,3.14
2026-02-01,Retail,business,persona_x_initial_plan,8,2,870.56017060764991483000,179.89158470246566419000,25.0,20.66
2026-02-01,Retail,free,persona_x_initial_plan,321,8,5767.37674305219490358381,46.20345575735633567100,2.49,0.8
2026-02-01,Retail,plus,persona_x_initial_plan,125,7,8918.59183437699758995806,526.44101711321340060061,5.6,5.9
2026-02-01,Retail,start,persona_x_initial_plan,389,15,14564.98916132817064913838,218.64862253468247338290,3.86,1.5
2026-02-01,Wholesale,business,persona_x_initial_plan,10,0,593.76870795889641604000,,0.0,
2026-02-01,Wholesale,free,persona_x_initial_plan,35,1,537.24697918267299032500,0.03704109589041096300,2.86,0.01
2026-02-01,Wholesale,plus,persona_x_initial_plan,36,2,2362.31313052840968490721,25.02719343671232880471,5.56,1.06
2026-02-01,Wholesale,start,persona_x_initial_plan,66,0,3613.14611928012555369073,,0.0,
2026-03-01,ALL,business,initial_plan,157,12,20697.45849209474499731779,791.73434096821723044560,7.64,3.83
2026-03-01,ALL,free,initial_plan,3421,110,63318.16999904237199602616,1268.07228463835462135621,3.22,2.0
2026-03-01,ALL,plus,initial_plan,1199,52,89507.23318779406332155814,1747.70479627889965585488,4.34,1.95
2026-03-01,ALL,start,initial_plan,3869,117,145447.83352695393804340214,1676.45067919272294388094,3.02,1.15
2026-03-01,ALL,ALL,overall,8646,291,318970.69520588511835830423,5483.96210107819445153763,3.37,1.72
2026-03-01,Automobile_Trade_Repair,ALL,persona,374,17,16784.02779785434852891903,608.46178524712228491650,4.55,3.63
2026-03-01,BTP,ALL,persona,1563,45,81316.71645853955282044027,1059.22580550958637508345,2.88,1.3
2026-03-01,Bankers_Insurance,ALL,persona,127,5,4861.41232480715922898687,25.10250893150685052389,3.94,0.52
2026-03-01,Bikers_Drivers,ALL,persona,491,29,15014.07955917696589844506,419.50320506575331475018,5.91,2.79
2026-03-01,Cleaning_CallCenters,ALL,persona,42,0,1969.47261752328263222780,,0.0,
2026-03-01,Consultant,ALL,persona,1532,35,54739.18617179404812053114,426.87189782231458289095,2.28,0.78
2026-03-01,Developer_IT,ALL,persona,729,20,23643.59932547264706364724,374.26461190849251447300,2.74,1.58
2026-03-01,Media_Publishing,ALL,persona,326,6,9692.93761009714920614239,51.26671992602739438830,1.84,0.53
2026-03-01,Medical_Professionals,ALL,persona,101,3,2579.14090261040580491639,24.80921698630136975000,2.97,0.96
2026-03-01,Others,ALL,persona,1369,47,38034.55736789337080467531,864.96725452986193578913,3.43,2.27
2026-03-01,Professeur,ALL,persona,270,8,5253.83620670299211079697,12.01317558684931234970,2.96,0.23
2026-03-01,Repair,ALL,persona,65,4,1197.37612518739477526826,35.00494345150678162480,6.15,2.92
2026-03-01,Repair_Installation,ALL,persona,26,0,836.68860487868236440200,,0.0,
2026-03-01,Restauration,ALL,persona,234,10,10714.61174977609005111869,516.87228739451811918305,4.27,4.82
2026-03-01,Retail,ALL,persona,1195,54,40775.92112091027983674579,961.16475014575097285766,4.52,2.36
2026-03-01,Wholesale,ALL,persona,202,8,11557.13126266074911104102,104.43393857260264295702,3.96,0.9
2026-03-01,Automobile_Trade_Repair,business,persona_x_initial_plan,15,1,2674.54136847944460501277,89.01022315616438530000,6.67,3.33
2026-03-01,Automobile_Trade_Repair,free,persona_x_initial_plan,109,1,1809.62993978246006869848,22.82525273424651837000,0.92,1.26
2026-03-01,Automobile_Trade_Repair,plus,persona_x_initial_plan,97,6,6510.10187849465454780174,209.15773450630119516550,6.19,3.21
2026-03-01,Automobile_Trade_Repair,start,persona_x_initial_plan,153,9,5789.75461109778930740604,287.46857485041018608100,5.88,4.97
2026-03-01,BTP,business,persona_x_initial_plan,48,5,8648.49941123175388094160,440.92146385588853196500,10.42,5.1
2026-03-01,BTP,free,persona_x_initial_plan,560,17,17266.76112930877106316461,239.35703430958911780051,3.04,1.39
2026-03-01,BTP,plus,persona_x_initial_plan,326,8,27239.52508836400313116573,196.34580573150647648680,2.45,0.72
2026-03-01,BTP,start,persona_x_initial_plan,629,15,28161.93082963502474516833,182.60150161260224883114,2.38,0.65
2026-03-01,Bankers_Insurance,free,persona_x_initial_plan,75,3,2881.52516109777952743487,2.79651715068493172389,4.0,0.1
2026-03-01,Bankers_Insurance,plus,persona_x_initial_plan,6,0,522.32823168383347255000,,0.0,
2026-03-01,Bankers_Insurance,start,persona_x_initial_plan,46,2,1457.55893202554622900200,22.30599178082191880000,4.35,1.53
2026-03-01,Bikers_Drivers,business,persona_x_initial_plan,18,2,2150.25029282300821996560,160.00237657260273972660,11.11,7.44
2026-03-01,Bikers_Drivers,free,persona_x_initial_plan,171,11,2923.39708808437748709639,12.38711813863010939790,6.43,0.42
2026-03-01,Bikers_Drivers,plus,persona_x_initial_plan,81,3,4056.55831322841474491725,72.79992541150684859628,3.7,1.79
2026-03-01,Bikers_Drivers,start,persona_x_initial_plan,221,13,5883.87386504116544646582,174.31378494301361702940,5.88,2.96
2026-03-01,Cleaning_CallCenters,business,persona_x_initial_plan,1,0,89.13377367561643180000,,0.0,
2026-03-01,Cleaning_CallCenters,free,persona_x_initial_plan,19,0,105.10470969369834138180,,0.0,
2026-03-01,Cleaning_CallCenters,plus,persona_x_initial_plan,8,0,1205.59897503670956085900,,0.0,
2026-03-01,Cleaning_CallCenters,start,persona_x_initial_plan,14,0,569.63515911725829818700,,0.0,
2026-03-01,Consultant,business,persona_x_initial_plan,12,0,903.54215567506820308610,,0.0,
2026-03-01,Consultant,free,persona_x_initial_plan,684,16,13090.08967739028365048547,200.64960764712310618049,2.34,1.53
2026-03-01,Consultant,plus,persona_x_initial_plan,116,4,9311.89420210805954726100,91.32661953369845348330,3.45,0.98
2026-03-01,Consultant,start,persona_x_initial_plan,720,15,31433.66013662063671969857,134.89567064149302322716,2.08,0.43
2026-03-01,Developer_IT,business,persona_x_initial_plan,8,0,543.80060996602732923752,,0.0,
2026-03-01,Developer_IT,free,persona_x_initial_plan,307,11,6307.13675072108755484793,183.84448718958889161700,3.58,2.91
2026-03-01,Developer_IT,plus,persona_x_initial_plan,59,4,3464.50989577107612019510,58.82091019616435719000,6.78,1.7
2026-03-01,Developer_IT,start,persona_x_initial_plan,355,5,13328.15206901445605936669,131.59921452273926566600,1.41,0.99
2026-03-01,Media_Publishing,business,persona_x_initial_plan,2,0,104.44126413095883773000,,0.0,
2026-03-01,Media_Publishing,free,persona_x_initial_plan,153,4,1486.30337622794177472574,1.12283144109589063400,2.61,0.08
2026-03-01,Media_Publishing,plus,persona_x_initial_plan,21,0,1941.75728007780570611200,,0.0,
2026-03-01,Media_Publishing,start,persona_x_initial_plan,150,2,6160.43568966044288757465,50.14388848493150375430,1.33,0.81
2026-03-01,Medical_Professionals,free,persona_x_initial_plan,38,0,452.51929793753392024899,,0.0,
2026-03-01,Medical_Professionals,plus,persona_x_initial_plan,7,0,951.19677310301110464000,,0.0,
2026-03-01,Medical_Professionals,start,persona_x_initial_plan,56,3,1175.42483156986078002740,24.80921698630136975000,5.36,2.11
2026-03-01,Others,business,persona_x_initial_plan,28,4,2835.38825924163932368230,101.80027738356157345400,14.29,3.59
2026-03-01,Others,free,persona_x_initial_plan,539,16,7188.87976842586051124333,359.86908017041071735644,2.97,5.01
2026-03-01,Others,plus,persona_x_initial_plan,198,9,11478.65822161814798090502,284.54525314082117285720,4.55,2.48
2026-03-01,Others,start,persona_x_initial_plan,604,18,16531.63111860772298884466,118.75264383506847212149,2.98,0.72
2026-03-01,Professeur,business,persona_x_initial_plan,2,0,162.26158600876674170000,,0.0,
2026-03-01,Professeur,free,persona_x_initial_plan,119,5,1086.41064464876522641950,10.23899136767123526550,4.2,0.94
2026-03-01,Professeur,plus,persona_x_initial_plan,16,0,762.62042316712272891998,,0.0,
2026-03-01,Professeur,start,persona_x_initial_plan,133,3,3242.54355287833741375749,1.77418421917807708420,2.26,0.05
2026-03-01,Repair,free,persona_x_initial_plan,30,2,411.14329898903953139456,9.64788383397260393840,6.67,2.35
2026-03-01,Repair,plus,persona_x_initial_plan,6,0,222.01278472493139296210,,0.0,
2026-03-01,Repair,start,persona_x_initial_plan,29,2,564.22004147342385091160,25.35705961753417768640,6.9,4.49
2026-03-01,Repair_Installation,free,persona_x_initial_plan,8,0,155.64097800931446094000,,0.0,
2026-03-01,Repair_Installation,plus,persona_x_initial_plan,4,0,245.77856187725952351900,,0.0,
2026-03-01,Repair_Installation,start,persona_x_initial_plan,14,0,435.26906499210837994300,,0.0,
2026-03-01,Restauration,business,persona_x_initial_plan,1,0,94.07157361260266678000,,0.0,
2026-03-01,Restauration,free,persona_x_initial_plan,86,3,1447.36581709752994207480,3.98328991780821650000,3.49,0.28
2026-03-01,Restauration,plus,persona_x_initial_plan,47,3,5912.26312969119986808699,478.72382071561411830065,6.38,8.1
2026-03-01,Restauration,start,persona_x_initial_plan,100,4,3260.91122937475757417690,34.16517676109578438240,4.0,1.05
2026-03-01,Retail,business,persona_x_initial_plan,11,0,1381.69309029040788344290,,0.0,
2026-03-01,Retail,free,persona_x_initial_plan,471,19,5862.22909837587582213729,219.11851950465657029208,4.03,3.74
2026-03-01,Retail,plus,persona_x_initial_plan,162,12,10975.44102095753375057461,305.60271175561580264203,7.41,2.78
2026-03-01,Retail,start,persona_x_initial_plan,551,23,22556.55791128646238059099,436.44351888547859992355,4.17,1.93
2026-03-01,Wholesale,business,persona_x_initial_plan,11,0,1109.83510695945087393900,,0.0,
2026-03-01,Wholesale,free,persona_x_initial_plan,52,2,844.03326325205311373240,2.23167123287671228000,3.85,0.26
2026-03-01,Wholesale,plus,persona_x_initial_plan,45,3,4706.98840789030014108862,50.38201528767123113312,6.67,1.07
2026-03-01,Wholesale,start,persona_x_initial_plan,94,3,4896.27448455894498228100,51.82025205205469954390,3.19,1.06
2026-04-01,ALL,business,initial_plan,205,16,34137.20157184212527226488,1676.28964398081898477759,7.8,4.91
2026-04-01,ALL,free,initial_plan,4608,161,94434.13356183425245188831,1171.83041184273778515111,3.49,1.24
2026-04-01,ALL,plus,initial_plan,1539,63,129379.74502549699220884767,4461.58279919231492046199,4.09,3.45
2026-04-01,ALL,start,initial_plan,5243,145,208171.90727686759222436312,2917.62709005972031969213,2.77,1.4
2026-04-01,ALL,ALL,overall,11595,385,466122.98743604096215736398,10227.32994507559201008282,3.32,2.19
2026-04-01,Automobile_Trade_Repair,ALL,persona,485,19,26104.31986638883030619583,187.45116329698609927800,3.92,0.72
2026-04-01,BTP,ALL,persona,2147,66,124042.62538285357618377277,2269.44026258520011818873,3.07,1.83
2026-04-01,Bankers_Insurance,ALL,persona,180,2,7222.32793951506379688914,1.48024993534246583000,1.11,0.02
2026-04-01,Bikers_Drivers,ALL,persona,631,40,21972.25366382103075601506,715.72527331232766536958,6.34,3.26
2026-04-01,Cleaning_CallCenters,ALL,persona,68,1,1658.87606638246378796390,0.05515068493150685600,1.47,0.0
2026-04-01,Consultant,ALL,persona,2059,53,74075.89926432837874748742,1389.13895396766713156580,2.57,1.88
2026-04-01,Developer_IT,ALL,persona,977,26,33304.23345863125403962928,733.17833111835573233373,2.66,2.2
2026-04-01,Media_Publishing,ALL,persona,435,8,13495.56657749477649079290,9.82596104657533553778,1.84,0.07
2026-04-01,Medical_Professionals,ALL,persona,138,2,4638.33648844492341507605,0.03309369863013699100,1.45,0.0
2026-04-01,Others,ALL,persona,1845,67,57650.31503132518576235003,1338.78497635396953577217,3.63,2.32
2026-04-01,Professeur,ALL,persona,351,12,10989.20352986643423775178,750.37878303999770955290,3.42,6.83
2026-04-01,Repair,ALL,persona,72,4,1456.81212645588829239160,57.80602726684931427000,5.56,3.97
2026-04-01,Repair_Installation,ALL,persona,28,0,1406.59309274739408220500,,0.0,
2026-04-01,Restauration,ALL,persona,309,8,13742.45380571528000641723,44.66632174027396925673,2.59,0.33
2026-04-01,Retail,ALL,persona,1589,66,59207.89191231982293783939,2421.75408965204763474020,4.15,4.09
2026-04-01,Wholesale,ALL,persona,281,11,15155.27922975065931458660,307.61130737643765454020,3.91,2.03
2026-04-01,Automobile_Trade_Repair,business,persona_x_initial_plan,17,0,3095.17733180328157904220,,0.0,
2026-04-01,Automobile_Trade_Repair,free,persona_x_initial_plan,136,8,1991.21035029259810932197,59.97804454575332191100,5.88,3.01
2026-04-01,Automobile_Trade_Repair,plus,persona_x_initial_plan,116,4,10775.27999282667427498683,71.95749676657526046500,3.45,0.67
2026-04-01,Automobile_Trade_Repair,start,persona_x_initial_plan,216,7,10242.65219146627634284483,55.51562198465751690200,3.24,0.54
2026-04-01,BTP,business,persona_x_initial_plan,65,3,13945.30244456982711657519,241.56882959068493021279,4.62,1.73
2026-04-01,BTP,free,persona_x_initial_plan,789,21,26619.00776928407789130934,134.65647995232876040992,2.66,0.51
2026-04-01,BTP,plus,persona_x_initial_plan,428,14,40853.70032578967643388934,1233.71314610465360057672,3.27,3.02
2026-04-01,BTP,start,persona_x_initial_plan,865,28,42624.61484320999474199890,659.50180693753282698930,3.24,1.55
2026-04-01,Bankers_Insurance,free,persona_x_initial_plan,102,2,3723.42069405150657818512,1.48024993534246583000,1.96,0.04
2026-04-01,Bankers_Insurance,plus,persona_x_initial_plan,8,0,1472.90846493533910560000,,0.0,
2026-04-01,Bankers_Insurance,start,persona_x_initial_plan,70,0,2025.99878052821811310402,,0.0,
2026-04-01,Bikers_Drivers,business,persona_x_initial_plan,23,1,5112.63591589917164113810,80.00108797917808219180,4.35,1.56
2026-04-01,Bikers_Drivers,free,persona_x_initial_plan,202,15,3088.60947050519960487592,32.92508092219173998395,7.43,1.07
2026-04-01,Bikers_Drivers,plus,persona_x_initial_plan,108,4,5767.72090719530525799348,75.69709887123287406300,3.7,1.31
2026-04-01,Bikers_Drivers,start,persona_x_initial_plan,298,20,8003.28737022135425200756,527.10200553972496913083,6.71,6.59
2026-04-01,Cleaning_CallCenters,business,persona_x_initial_plan,2,0,86.98646385808218913000,,0.0,
2026-04-01,Cleaning_CallCenters,free,persona_x_initial_plan,24,1,110.46025345698615684900,0.05515068493150685600,4.17,0.05
2026-04-01,Cleaning_CallCenters,plus,persona_x_initial_plan,13,0,968.85593437205392276640,,0.0,
2026-04-01,Cleaning_CallCenters,start,persona_x_initial_plan,29,0,492.57341469534151921850,,0.0,
2026-04-01,Consultant,business,persona_x_initial_plan,17,2,1922.00246587451759902700,102.48948850301370059000,11.76,5.33
2026-04-01,Consultant,free,persona_x_initial_plan,930,30,17961.41401337295244124619,122.88821044328740550189,3.23,0.68
2026-04-01,Consultant,plus,persona_x_initial_plan,160,7,13714.78214537426582729730,1041.13836584164002647000,4.38,7.59
2026-04-01,Consultant,start,persona_x_initial_plan,952,14,40477.70063970664287991693,122.62288917972599900391,1.47,0.3
2026-04-01,Developer_IT,business,persona_x_initial_plan,13,1,874.52603396876676416134,83.43007227397259162000,7.69,9.54
2026-04-01,Developer_IT,free,persona_x_initial_plan,421,14,10094.96071727083912069518,406.64385716383519071565,3.33,4.03
2026-04-01,Developer_IT,plus,persona_x_initial_plan,78,3,4558.80741927421306501760,106.66660017863013327700,3.85,2.34
2026-04-01,Developer_IT,start,persona_x_initial_plan,465,8,17775.93928811743508975516,136.43780150191781672108,1.72,0.77
2026-04-01,Media_Publishing,business,persona_x_initial_plan,3,0,151.51761730465726996000,,0.0,
2026-04-01,Media_Publishing,free,persona_x_initial_plan,199,5,2390.91698754629714324803,5.82516501698629444186,2.51,0.24
2026-04-01,Media_Publishing,plus,persona_x_initial_plan,29,1,3537.60058998629738948186,0.00046524054794520550,3.45,0.0
2026-04-01,Media_Publishing,start,persona_x_initial_plan,204,2,7415.53138265752468810301,4.00033078904109589042,0.98,0.05
2026-04-01,Medical_Professionals,free,persona_x_initial_plan,54,0,1096.59311161260100550318,,0.0,
2026-04-01,Medical_Professionals,plus,persona_x_initial_plan,10,1,1732.38764844876266038757,0.01323726027397260400,10.0,0.0
2026-04-01,Medical_Professionals,start,persona_x_initial_plan,74,1,1809.35572838355974918530,0.01985643835616438700,1.35,0.0
2026-04-01,Others,business,persona_x_initial_plan,30,3,4000.90488775177336213860,179.01956773424657244600,10.0,4.47
2026-04-01,Others,free,persona_x_initial_plan,719,22,10372.91731087433660196248,55.18645393589035729869,3.06,0.53
2026-04-01,Others,plus,persona_x_initial_plan,255,14,16777.33480890253032210211,190.02362358136964651748,5.49,1.13
2026-04-01,Others,start,persona_x_initial_plan,841,28,26499.15802379654547614684,914.55533110246295951000,3.33,3.45
2026-04-01,Professeur,business,persona_x_initial_plan,3,1,281.00908328109555950600,80.18447494849315000600,33.33,28.53
2026-04-01,Professeur,free,persona_x_initial_plan,152,7,1912.39891246027100208295,10.18740421095889612090,4.61,0.53
2026-04-01,Professeur,plus,persona_x_initial_plan,20,1,2263.02171811561130289450,625.24558967232648700000,5.0,27.63
2026-04-01,Professeur,start,persona_x_initial_plan,176,3,6532.77381600945637326833,34.76131420821917642600,1.7,0.53
2026-04-01,Repair,free,persona_x_initial_plan,35,2,413.73360827342383964030,21.66007392109588958200,5.71,5.24
2026-04-01,Repair,plus,persona_x_initial_plan,8,1,268.53856148876658020200,25.09153534246575344100,12.5,9.34
2026-04-01,Repair,start,persona_x_initial_plan,29,1,774.53995669369787254930,11.05441800328767124700,3.45,1.43
2026-04-01,Repair_Installation,free,persona_x_initial_plan,8,0,358.34557031232769392000,,0.0,
2026-04-01,Repair_Installation,plus,persona_x_initial_plan,4,0,445.06772865862906791000,,0.0,
2026-04-01,Repair_Installation,start,persona_x_initial_plan,16,0,603.17979377643732037500,,0.0,
2026-04-01,Restauration,business,persona_x_initial_plan,1,0,80.07758101041095890000,,0.0,
2026-04-01,Restauration,free,persona_x_initial_plan,114,3,2485.82986209588339742792,0.38742286027397266900,2.63,0.02
2026-04-01,Restauration,plus,persona_x_initial_plan,56,1,5450.04270097338235355568,25.39698630136986300000,1.79,0.47
2026-04-01,Restauration,start,persona_x_initial_plan,138,4,5726.50366163560329653363,18.88191257863013358773,2.9,0.33
2026-04-01,Retail,business,persona_x_initial_plan,19,4,2704.54868916109000751545,789.90381766136709791100,21.05,29.21
2026-04-01,Retail,free,persona_x_initial_plan,646,27,10483.79417348193920717553,318.60142002082088734375,4.18,3.04
2026-04-01,Retail,plus,persona_x_initial_plan,188,11,14716.28017013084186280790,926.49144107780525004229,5.85,6.3
2026-04-01,Retail,start,persona_x_initial_plan,736,24,31303.26887954595186034051,386.75741089205439944316,3.26,1.24
2026-04-01,Wholesale,business,persona_x_initial_plan,12,1,1882.51305735945122517100,119.69230528986285980000,8.33,6.36
2026-04-01,Wholesale,free,persona_x_initial_plan,77,4,1330.52075694301265844520,1.35539822904109648650,5.19,0.1
2026-04-01,Wholesale,plus,persona_x_initial_plan,58,1,6077.41590902464278195510,140.14721295342410780000,1.72,2.31
2026-04-01,Wholesale,start,persona_x_initial_plan,134,5,5864.82950642355264901530,46.41639090410959045370,3.73,0.79
