signup_month,persona,initial_subscription_group,segment_level,new_companies
2025-10-01,ALL,business,initial_plan,199
2025-10-01,ALL,free,initial_plan,2170
2025-10-01,ALL,plus,initial_plan,886
2025-10-01,ALL,start,initial_plan,2303
2025-10-01,ALL,ALL,overall,5558
2025-10-01,Automobile_Trade_Repair,ALL,persona,243
2025-10-01,BTP,ALL,persona,1110
2025-10-01,Bankers_Insurance,ALL,persona,51
2025-10-01,Bikers_Drivers,ALL,persona,405
2025-10-01,Cleaning_CallCenters,ALL,persona,27
2025-10-01,Consultant,ALL,persona,814
2025-10-01,Developer_IT,ALL,persona,399
2025-10-01,Media_Publishing,ALL,persona,143
2025-10-01,Medical_Professionals,ALL,persona,56
2025-10-01,Others,ALL,persona,1120
2025-10-01,Professeur,ALL,persona,132
2025-10-01,Repair,ALL,persona,40
2025-10-01,Repair_Installation,ALL,persona,11
2025-10-01,Restauration,ALL,persona,154
2025-10-01,Retail,ALL,persona,674
2025-10-01,Wholesale,ALL,persona,179
2025-10-01,Automobile_Trade_Repair,business,persona_x_initial_plan,18
2025-10-01,Automobile_Trade_Repair,free,persona_x_initial_plan,67
2025-10-01,Automobile_Trade_Repair,plus,persona_x_initial_plan,50
2025-10-01,Automobile_Trade_Repair,start,persona_x_initial_plan,108
2025-10-01,BTP,business,persona_x_initial_plan,65
2025-10-01,BTP,free,persona_x_initial_plan,362
2025-10-01,BTP,plus,persona_x_initial_plan,254
2025-10-01,BTP,start,persona_x_initial_plan,429
2025-10-01,Bankers_Insurance,business,persona_x_initial_plan,1
2025-10-01,Bankers_Insurance,free,persona_x_initial_plan,27
2025-10-01,Bankers_Insurance,start,persona_x_initial_plan,23
2025-10-01,Bikers_Drivers,business,persona_x_initial_plan,18
2025-10-01,Bikers_Drivers,free,persona_x_initial_plan,162
2025-10-01,Bikers_Drivers,plus,persona_x_initial_plan,79
2025-10-01,Bikers_Drivers,start,persona_x_initial_plan,146
2025-10-01,Cleaning_CallCenters,business,persona_x_initial_plan,1
2025-10-01,Cleaning_CallCenters,free,persona_x_initial_plan,8
2025-10-01,Cleaning_CallCenters,plus,persona_x_initial_plan,5
2025-10-01,Cleaning_CallCenters,start,persona_x_initial_plan,13
2025-10-01,Consultant,business,persona_x_initial_plan,13
2025-10-01,Consultant,free,persona_x_initial_plan,396
2025-10-01,Consultant,plus,persona_x_initial_plan,69
2025-10-01,Consultant,start,persona_x_initial_plan,336
2025-10-01,Developer_IT,business,persona_x_initial_plan,11
2025-10-01,Developer_IT,free,persona_x_initial_plan,176
2025-10-01,Developer_IT,plus,persona_x_initial_plan,40
2025-10-01,Developer_IT,start,persona_x_initial_plan,172
2025-10-01,Media_Publishing,business,persona_x_initial_plan,2
2025-10-01,Media_Publishing,free,persona_x_initial_plan,69
2025-10-01,Media_Publishing,plus,persona_x_initial_plan,10
2025-10-01,Media_Publishing,start,persona_x_initial_plan,62
2025-10-01,Medical_Professionals,business,persona_x_initial_plan,3
2025-10-01,Medical_Professionals,free,persona_x_initial_plan,27
2025-10-01,Medical_Professionals,plus,persona_x_initial_plan,2
2025-10-01,Medical_Professionals,start,persona_x_initial_plan,24
2025-10-01,Others,business,persona_x_initial_plan,30
2025-10-01,Others,free,persona_x_initial_plan,421
2025-10-01,Others,plus,persona_x_initial_plan,199
2025-10-01,Others,start,persona_x_initial_plan,470
2025-10-01,Professeur,free,persona_x_initial_plan,63
2025-10-01,Professeur,plus,persona_x_initial_plan,13
2025-10-01,Professeur,start,persona_x_initial_plan,56
2025-10-01,Repair,business,persona_x_initial_plan,5
2025-10-01,Repair,free,persona_x_initial_plan,12
2025-10-01,Repair,plus,persona_x_initial_plan,5
2025-10-01,Repair,start,persona_x_initial_plan,18
2025-10-01,Repair_Installation,business,persona_x_initial_plan,1
2025-10-01,Repair_Installation,plus,persona_x_initial_plan,1
2025-10-01,Repair_Installation,start,persona_x_initial_plan,9
2025-10-01,Restauration,business,persona_x_initial_plan,1
2025-10-01,Restauration,free,persona_x_initial_plan,62
2025-10-01,Restauration,plus,persona_x_initial_plan,27
2025-10-01,Restauration,start,persona_x_initial_plan,64
2025-10-01,Retail,business,persona_x_initial_plan,20
2025-10-01,Retail,free,persona_x_initial_plan,259
2025-10-01,Retail,plus,persona_x_initial_plan,99
2025-10-01,Retail,start,persona_x_initial_plan,296
2025-10-01,Wholesale,business,persona_x_initial_plan,10
2025-10-01,Wholesale,free,persona_x_initial_plan,59
2025-10-01,Wholesale,plus,persona_x_initial_plan,33
2025-10-01,Wholesale,start,persona_x_initial_plan,77
2025-11-01,ALL,business,initial_plan,169
2025-11-01,ALL,free,initial_plan,2357
2025-11-01,ALL,plus,initial_plan,786
2025-11-01,ALL,start,initial_plan,2282
2025-11-01,ALL,ALL,overall,5594
2025-11-01,Automobile_Trade_Repair,ALL,persona,228
2025-11-01,BTP,ALL,persona,1090
2025-11-01,Bankers_Insurance,ALL,persona,63
2025-11-01,Bikers_Drivers,ALL,persona,340
2025-11-01,Cleaning_CallCenters,ALL,persona,33
2025-11-01,Consultant,ALL,persona,808
2025-11-01,Developer_IT,ALL,persona,396
2025-11-01,Media_Publishing,ALL,persona,168
2025-11-01,Medical_Professionals,ALL,persona,39
2025-11-01,Others,ALL,persona,1158
2025-11-01,Professeur,ALL,persona,164
2025-11-01,Repair,ALL,persona,42
2025-11-01,Repair_Installation,ALL,persona,15
2025-11-01,Restauration,ALL,persona,163
2025-11-01,Retail,ALL,persona,727
2025-11-01,Wholesale,ALL,persona,160
2025-11-01,Automobile_Trade_Repair,business,persona_x_initial_plan,9
2025-11-01,Automobile_Trade_Repair,free,persona_x_initial_plan,77
2025-11-01,Automobile_Trade_Repair,plus,persona_x_initial_plan,44
2025-11-01,Automobile_Trade_Repair,start,persona_x_initial_plan,98
2025-11-01,BTP,business,persona_x_initial_plan,58
2025-11-01,BTP,free,persona_x_initial_plan,379
2025-11-01,BTP,plus,persona_x_initial_plan,222
2025-11-01,BTP,start,persona_x_initial_plan,431
2025-11-01,Bankers_Insurance,free,persona_x_initial_plan,34
2025-11-01,Bankers_Insurance,plus,persona_x_initial_plan,5
2025-11-01,Bankers_Insurance,start,persona_x_initial_plan,24
2025-11-01,Bikers_Drivers,business,persona_x_initial_plan,11
2025-11-01,Bikers_Drivers,free,persona_x_initial_plan,150
2025-11-01,Bikers_Drivers,plus,persona_x_initial_plan,53
2025-11-01,Bikers_Drivers,start,persona_x_initial_plan,126
2025-11-01,Cleaning_CallCenters,business,persona_x_initial_plan,1
2025-11-01,Cleaning_CallCenters,free,persona_x_initial_plan,12
2025-11-01,Cleaning_CallCenters,plus,persona_x_initial_plan,9
2025-11-01,Cleaning_CallCenters,start,persona_x_initial_plan,11
2025-11-01,Consultant,business,persona_x_initial_plan,15
2025-11-01,Consultant,free,persona_x_initial_plan,386
2025-11-01,Consultant,plus,persona_x_initial_plan,62
2025-11-01,Consultant,start,persona_x_initial_plan,345
2025-11-01,Developer_IT,business,persona_x_initial_plan,7
2025-11-01,Developer_IT,free,persona_x_initial_plan,190
2025-11-01,Developer_IT,plus,persona_x_initial_plan,33
2025-11-01,Developer_IT,start,persona_x_initial_plan,166
2025-11-01,Media_Publishing,business,persona_x_initial_plan,4
2025-11-01,Media_Publishing,free,persona_x_initial_plan,92
2025-11-01,Media_Publishing,plus,persona_x_initial_plan,13
2025-11-01,Media_Publishing,start,persona_x_initial_plan,59
2025-11-01,Medical_Professionals,business,persona_x_initial_plan,1
2025-11-01,Medical_Professionals,free,persona_x_initial_plan,12
2025-11-01,Medical_Professionals,plus,persona_x_initial_plan,1
2025-11-01,Medical_Professionals,start,persona_x_initial_plan,25
2025-11-01,Others,business,persona_x_initial_plan,28
2025-11-01,Others,free,persona_x_initial_plan,504
2025-11-01,Others,plus,persona_x_initial_plan,163
2025-11-01,Others,start,persona_x_initial_plan,463
2025-11-01,Professeur,business,persona_x_initial_plan,3
2025-11-01,Professeur,free,persona_x_initial_plan,77
2025-11-01,Professeur,plus,persona_x_initial_plan,16
2025-11-01,Professeur,start,persona_x_initial_plan,68
2025-11-01,Repair,business,persona_x_initial_plan,1
2025-11-01,Repair,free,persona_x_initial_plan,19
2025-11-01,Repair,plus,persona_x_initial_plan,4
2025-11-01,Repair,start,persona_x_initial_plan,18
2025-11-01,Repair_Installation,free,persona_x_initial_plan,7
2025-11-01,Repair_Installation,plus,persona_x_initial_plan,4
2025-11-01,Repair_Installation,start,persona_x_initial_plan,4
2025-11-01,Restauration,business,persona_x_initial_plan,5
2025-11-01,Restauration,free,persona_x_initial_plan,59
2025-11-01,Restauration,plus,persona_x_initial_plan,25
2025-11-01,Restauration,start,persona_x_initial_plan,74
2025-11-01,Retail,business,persona_x_initial_plan,18
2025-11-01,Retail,free,persona_x_initial_plan,299
2025-11-01,Retail,plus,persona_x_initial_plan,92
2025-11-01,Retail,start,persona_x_initial_plan,318
2025-11-01,Wholesale,business,persona_x_initial_plan,8
2025-11-01,Wholesale,free,persona_x_initial_plan,60
2025-11-01,Wholesale,plus,persona_x_initial_plan,40
2025-11-01,Wholesale,start,persona_x_initial_plan,52
2025-12-01,ALL,business,initial_plan,175
2025-12-01,ALL,free,initial_plan,2342
2025-12-01,ALL,plus,initial_plan,742
2025-12-01,ALL,start,initial_plan,2166
2025-12-01,ALL,ALL,overall,5425
2025-12-01,Automobile_Trade_Repair,ALL,persona,247
2025-12-01,BTP,ALL,persona,975
2025-12-01,Bankers_Insurance,ALL,persona,62
2025-12-01,Bikers_Drivers,ALL,persona,354
2025-12-01,Cleaning_CallCenters,ALL,persona,19
2025-12-01,Consultant,ALL,persona,791
2025-12-01,Developer_IT,ALL,persona,395
2025-12-01,Media_Publishing,ALL,persona,146
2025-12-01,Medical_Professionals,ALL,persona,49
2025-12-01,Others,ALL,persona,1183
2025-12-01,Professeur,ALL,persona,134
2025-12-01,Repair,ALL,persona,32
2025-12-01,Repair_Installation,ALL,persona,10
2025-12-01,Restauration,ALL,persona,145
2025-12-01,Retail,ALL,persona,735
2025-12-01,Wholesale,ALL,persona,148
2025-12-01,Automobile_Trade_Repair,business,persona_x_initial_plan,13
2025-12-01,Automobile_Trade_Repair,free,persona_x_initial_plan,71
2025-12-01,Automobile_Trade_Repair,plus,persona_x_initial_plan,55
2025-12-01,Automobile_Trade_Repair,start,persona_x_initial_plan,108
2025-12-01,BTP,business,persona_x_initial_plan,49
2025-12-01,BTP,free,persona_x_initial_plan,356
2025-12-01,BTP,plus,persona_x_initial_plan,189
2025-12-01,BTP,start,persona_x_initial_plan,381
2025-12-01,Bankers_Insurance,free,persona_x_initial_plan,36
2025-12-01,Bankers_Insurance,plus,persona_x_initial_plan,6
2025-12-01,Bankers_Insurance,start,persona_x_initial_plan,20
2025-12-01,Bikers_Drivers,business,persona_x_initial_plan,12
2025-12-01,Bikers_Drivers,free,persona_x_initial_plan,144
2025-12-01,Bikers_Drivers,plus,persona_x_initial_plan,48
2025-12-01,Bikers_Drivers,start,persona_x_initial_plan,150
2025-12-01,Cleaning_CallCenters,free,persona_x_initial_plan,8
2025-12-01,Cleaning_CallCenters,plus,persona_x_initial_plan,6
2025-12-01,Cleaning_CallCenters,start,persona_x_initial_plan,5
2025-12-01,Consultant,business,persona_x_initial_plan,12
2025-12-01,Consultant,free,persona_x_initial_plan,427
2025-12-01,Consultant,plus,persona_x_initial_plan,68
2025-12-01,Consultant,start,persona_x_initial_plan,284
2025-12-01,Developer_IT,business,persona_x_initial_plan,15
2025-12-01,Developer_IT,free,persona_x_initial_plan,186
2025-12-01,Developer_IT,plus,persona_x_initial_plan,49
2025-12-01,Developer_IT,start,persona_x_initial_plan,145
2025-12-01,Media_Publishing,free,persona_x_initial_plan,71
2025-12-01,Media_Publishing,plus,persona_x_initial_plan,7
2025-12-01,Media_Publishing,start,persona_x_initial_plan,68
2025-12-01,Medical_Professionals,business,persona_x_initial_plan,2
2025-12-01,Medical_Professionals,free,persona_x_initial_plan,24
2025-12-01,Medical_Professionals,plus,persona_x_initial_plan,6
2025-12-01,Medical_Professionals,start,persona_x_initial_plan,17
2025-12-01,Others,business,persona_x_initial_plan,41
2025-12-01,Others,free,persona_x_initial_plan,498
2025-12-01,Others,plus,persona_x_initial_plan,150
2025-12-01,Others,start,persona_x_initial_plan,494
2025-12-01,Professeur,business,persona_x_initial_plan,4
2025-12-01,Professeur,free,persona_x_initial_plan,66
2025-12-01,Professeur,plus,persona_x_initial_plan,7
2025-12-01,Professeur,start,persona_x_initial_plan,57
2025-12-01,Repair,business,persona_x_initial_plan,1
2025-12-01,Repair,free,persona_x_initial_plan,15
2025-12-01,Repair,plus,persona_x_initial_plan,4
2025-12-01,Repair,start,persona_x_initial_plan,12
2025-12-01,Repair_Installation,free,persona_x_initial_plan,5
2025-12-01,Repair_Installation,plus,persona_x_initial_plan,2
2025-12-01,Repair_Installation,start,persona_x_initial_plan,3
2025-12-01,Restauration,business,persona_x_initial_plan,6
2025-12-01,Restauration,free,persona_x_initial_plan,62
2025-12-01,Restauration,plus,persona_x_initial_plan,18
2025-12-01,Restauration,start,persona_x_initial_plan,59
2025-12-01,Retail,business,persona_x_initial_plan,13
2025-12-01,Retail,free,persona_x_initial_plan,325
2025-12-01,Retail,plus,persona_x_initial_plan,89
2025-12-01,Retail,start,persona_x_initial_plan,308
2025-12-01,Wholesale,business,persona_x_initial_plan,7
2025-12-01,Wholesale,free,persona_x_initial_plan,48
2025-12-01,Wholesale,plus,persona_x_initial_plan,38
2025-12-01,Wholesale,start,persona_x_initial_plan,55
2026-01-01,ALL,business,initial_plan,145
2026-01-01,ALL,free,initial_plan,2274
2026-01-01,ALL,plus,initial_plan,670
2026-01-01,ALL,start,initial_plan,2367
2026-01-01,ALL,ALL,overall,5456
2026-01-01,Automobile_Trade_Repair,ALL,persona,241
2026-01-01,BTP,ALL,persona,1070
2026-01-01,Bankers_Insurance,ALL,persona,73
2026-01-01,Bikers_Drivers,ALL,persona,369
2026-01-01,Cleaning_CallCenters,ALL,persona,28
2026-01-01,Consultant,ALL,persona,788
2026-01-01,Developer_IT,ALL,persona,357
2026-01-01,Media_Publishing,ALL,persona,152
2026-01-01,Medical_Professionals,ALL,persona,54
2026-01-01,Others,ALL,persona,1182
2026-01-01,Professeur,ALL,persona,140
2026-01-01,Repair,ALL,persona,37
2026-01-01,Repair_Installation,ALL,persona,13
2026-01-01,Restauration,ALL,persona,146
2026-01-01,Retail,ALL,persona,657
2026-01-01,Wholesale,ALL,persona,149
2026-01-01,Automobile_Trade_Repair,business,persona_x_initial_plan,4
2026-01-01,Automobile_Trade_Repair,free,persona_x_initial_plan,83
2026-01-01,Automobile_Trade_Repair,plus,persona_x_initial_plan,45
2026-01-01,Automobile_Trade_Repair,start,persona_x_initial_plan,109
2026-01-01,BTP,business,persona_x_initial_plan,48
2026-01-01,BTP,free,persona_x_initial_plan,412
2026-01-01,BTP,plus,persona_x_initial_plan,183
2026-01-01,BTP,start,persona_x_initial_plan,427
2026-01-01,Bankers_Insurance,business,persona_x_initial_plan,3
2026-01-01,Bankers_Insurance,free,persona_x_initial_plan,43
2026-01-01,Bankers_Insurance,plus,persona_x_initial_plan,3
2026-01-01,Bankers_Insurance,start,persona_x_initial_plan,24
2026-01-01,Bikers_Drivers,business,persona_x_initial_plan,14
2026-01-01,Bikers_Drivers,free,persona_x_initial_plan,134
2026-01-01,Bikers_Drivers,plus,persona_x_initial_plan,53
2026-01-01,Bikers_Drivers,start,persona_x_initial_plan,168
2026-01-01,Cleaning_CallCenters,business,persona_x_initial_plan,1
2026-01-01,Cleaning_CallCenters,free,persona_x_initial_plan,11
2026-01-01,Cleaning_CallCenters,plus,persona_x_initial_plan,5
2026-01-01,Cleaning_CallCenters,start,persona_x_initial_plan,11
2026-01-01,Consultant,business,persona_x_initial_plan,12
2026-01-01,Consultant,free,persona_x_initial_plan,397
2026-01-01,Consultant,plus,persona_x_initial_plan,61
2026-01-01,Consultant,start,persona_x_initial_plan,318
2026-01-01,Developer_IT,business,persona_x_initial_plan,8
2026-01-01,Developer_IT,free,persona_x_initial_plan,170
2026-01-01,Developer_IT,plus,persona_x_initial_plan,37
2026-01-01,Developer_IT,start,persona_x_initial_plan,142
2026-01-01,Media_Publishing,business,persona_x_initial_plan,1
2026-01-01,Media_Publishing,free,persona_x_initial_plan,69
2026-01-01,Media_Publishing,plus,persona_x_initial_plan,11
2026-01-01,Media_Publishing,start,persona_x_initial_plan,71
2026-01-01,Medical_Professionals,business,persona_x_initial_plan,1
2026-01-01,Medical_Professionals,free,persona_x_initial_plan,15
2026-01-01,Medical_Professionals,plus,persona_x_initial_plan,4
2026-01-01,Medical_Professionals,start,persona_x_initial_plan,34
2026-01-01,Others,business,persona_x_initial_plan,32
2026-01-01,Others,free,persona_x_initial_plan,411
2026-01-01,Others,plus,persona_x_initial_plan,133
2026-01-01,Others,start,persona_x_initial_plan,606
2026-01-01,Professeur,business,persona_x_initial_plan,2
2026-01-01,Professeur,free,persona_x_initial_plan,70
2026-01-01,Professeur,plus,persona_x_initial_plan,8
2026-01-01,Professeur,start,persona_x_initial_plan,60
2026-01-01,Repair,free,persona_x_initial_plan,20
2026-01-01,Repair,plus,persona_x_initial_plan,4
2026-01-01,Repair,start,persona_x_initial_plan,13
2026-01-01,Repair_Installation,free,persona_x_initial_plan,3
2026-01-01,Repair_Installation,plus,persona_x_initial_plan,2
2026-01-01,Repair_Installation,start,persona_x_initial_plan,8
2026-01-01,Restauration,business,persona_x_initial_plan,2
2026-01-01,Restauration,free,persona_x_initial_plan,58
2026-01-01,Restauration,plus,persona_x_initial_plan,25
2026-01-01,Restauration,start,persona_x_initial_plan,61
2026-01-01,Retail,business,persona_x_initial_plan,12
2026-01-01,Retail,free,persona_x_initial_plan,316
2026-01-01,Retail,plus,persona_x_initial_plan,66
2026-01-01,Retail,start,persona_x_initial_plan,263
2026-01-01,Wholesale,business,persona_x_initial_plan,5
2026-01-01,Wholesale,free,persona_x_initial_plan,62
2026-01-01,Wholesale,plus,persona_x_initial_plan,30
2026-01-01,Wholesale,start,persona_x_initial_plan,52
2026-02-01,ALL,business,initial_plan,154
2026-02-01,ALL,free,initial_plan,2449
2026-02-01,ALL,plus,initial_plan,714
2026-02-01,ALL,start,initial_plan,2322
2026-02-01,ALL,ALL,overall,5639
2026-02-01,Automobile_Trade_Repair,ALL,persona,228
2026-02-01,BTP,ALL,persona,1059
2026-02-01,Bankers_Insurance,ALL,persona,82
2026-02-01,Bikers_Drivers,ALL,persona,352
2026-02-01,Cleaning_CallCenters,ALL,persona,32
2026-02-01,Consultant,ALL,persona,805
2026-02-01,Developer_IT,ALL,persona,400
2026-02-01,Media_Publishing,ALL,persona,159
2026-02-01,Medical_Professionals,ALL,persona,76
2026-02-01,Others,ALL,persona,1226
2026-02-01,Professeur,ALL,persona,153
2026-02-01,Repair,ALL,persona,26
2026-02-01,Repair_Installation,ALL,persona,12
2026-02-01,Restauration,ALL,persona,152
2026-02-01,Retail,ALL,persona,714
2026-02-01,Wholesale,ALL,persona,163
2026-02-01,Automobile_Trade_Repair,business,persona_x_initial_plan,9
2026-02-01,Automobile_Trade_Repair,free,persona_x_initial_plan,73
2026-02-01,Automobile_Trade_Repair,plus,persona_x_initial_plan,44
2026-02-01,Automobile_Trade_Repair,start,persona_x_initial_plan,102
2026-02-01,BTP,business,persona_x_initial_plan,54
2026-02-01,BTP,free,persona_x_initial_plan,423
2026-02-01,BTP,plus,persona_x_initial_plan,207
2026-02-01,BTP,start,persona_x_initial_plan,375
2026-02-01,Bankers_Insurance,business,persona_x_initial_plan,1
2026-02-01,Bankers_Insurance,free,persona_x_initial_plan,46
2026-02-01,Bankers_Insurance,plus,persona_x_initial_plan,3
2026-02-01,Bankers_Insurance,start,persona_x_initial_plan,32
2026-02-01,Bikers_Drivers,business,persona_x_initial_plan,11
2026-02-01,Bikers_Drivers,free,persona_x_initial_plan,152
2026-02-01,Bikers_Drivers,plus,persona_x_initial_plan,45
2026-02-01,Bikers_Drivers,start,persona_x_initial_plan,144
2026-02-01,Cleaning_CallCenters,business,persona_x_initial_plan,3
2026-02-01,Cleaning_CallCenters,free,persona_x_initial_plan,10
2026-02-01,Cleaning_CallCenters,plus,persona_x_initial_plan,4
2026-02-01,Cleaning_CallCenters,start,persona_x_initial_plan,15
2026-02-01,Consultant,business,persona_x_initial_plan,14
2026-02-01,Consultant,free,persona_x_initial_plan,392
2026-02-01,Consultant,plus,persona_x_initial_plan,72
2026-02-01,Consultant,start,persona_x_initial_plan,327
2026-02-01,Developer_IT,business,persona_x_initial_plan,7
2026-02-01,Developer_IT,free,persona_x_initial_plan,211
2026-02-01,Developer_IT,plus,persona_x_initial_plan,35
2026-02-01,Developer_IT,start,persona_x_initial_plan,147
2026-02-01,Media_Publishing,business,persona_x_initial_plan,2
2026-02-01,Media_Publishing,free,persona_x_initial_plan,66
2026-02-01,Media_Publishing,plus,persona_x_initial_plan,8
2026-02-01,Media_Publishing,start,persona_x_initial_plan,83
2026-02-01,Medical_Professionals,free,persona_x_initial_plan,42
2026-02-01,Medical_Professionals,plus,persona_x_initial_plan,4
2026-02-01,Medical_Professionals,start,persona_x_initial_plan,30
2026-02-01,Others,business,persona_x_initial_plan,23
2026-02-01,Others,free,persona_x_initial_plan,490
2026-02-01,Others,plus,persona_x_initial_plan,159
2026-02-01,Others,start,persona_x_initial_plan,554
2026-02-01,Professeur,business,persona_x_initial_plan,1
2026-02-01,Professeur,free,persona_x_initial_plan,68
2026-02-01,Professeur,plus,persona_x_initial_plan,8
2026-02-01,Professeur,start,persona_x_initial_plan,76
2026-02-01,Repair,free,persona_x_initial_plan,15
2026-02-01,Repair,plus,persona_x_initial_plan,5
2026-02-01,Repair,start,persona_x_initial_plan,6
2026-02-01,Repair_Installation,business,persona_x_initial_plan,1
2026-02-01,Repair_Installation,free,persona_x_initial_plan,4
2026-02-01,Repair_Installation,plus,persona_x_initial_plan,1
2026-02-01,Repair_Installation,start,persona_x_initial_plan,6
2026-02-01,Restauration,business,persona_x_initial_plan,5
2026-02-01,Restauration,free,persona_x_initial_plan,66
2026-02-01,Restauration,plus,persona_x_initial_plan,23
2026-02-01,Restauration,start,persona_x_initial_plan,58
2026-02-01,Retail,business,persona_x_initial_plan,17
2026-02-01,Retail,free,persona_x_initial_plan,332
2026-02-01,Retail,plus,persona_x_initial_plan,59
2026-02-01,Retail,start,persona_x_initial_plan,306
2026-02-01,Wholesale,business,persona_x_initial_plan,6
2026-02-01,Wholesale,free,persona_x_initial_plan,59
2026-02-01,Wholesale,plus,persona_x_initial_plan,37
2026-02-01,Wholesale,start,persona_x_initial_plan,61
2026-03-01,ALL,business,initial_plan,106
2026-03-01,ALL,free,initial_plan,1884
2026-03-01,ALL,plus,initial_plan,463
2026-03-01,ALL,start,initial_plan,1756
2026-03-01,ALL,ALL,overall,4209
2026-03-01,Automobile_Trade_Repair,ALL,persona,159
2026-03-01,BTP,ALL,persona,752
2026-03-01,Bankers_Insurance,ALL,persona,36
2026-03-01,Bikers_Drivers,ALL,persona,287
2026-03-01,Cleaning_CallCenters,ALL,persona,23
2026-03-01,Consultant,ALL,persona,620
2026-03-01,Developer_IT,ALL,persona,300
2026-03-01,Media_Publishing,ALL,persona,116
2026-03-01,Medical_Professionals,ALL,persona,60
2026-03-01,Others,ALL,persona,904
2026-03-01,Professeur,ALL,persona,115
2026-03-01,Repair,ALL,persona,36
2026-03-01,Repair_Installation,ALL,persona,6
2026-03-01,Restauration,ALL,persona,108
2026-03-01,Retail,ALL,persona,563
2026-03-01,Wholesale,ALL,persona,124
2026-03-01,Automobile_Trade_Repair,business,persona_x_initial_plan,8
2026-03-01,Automobile_Trade_Repair,free,persona_x_initial_plan,50
2026-03-01,Automobile_Trade_Repair,plus,persona_x_initial_plan,33
2026-03-01,Automobile_Trade_Repair,start,persona_x_initial_plan,68
2026-03-01,BTP,business,persona_x_initial_plan,25
2026-03-01,BTP,free,persona_x_initial_plan,321
2026-03-01,BTP,plus,persona_x_initial_plan,115
2026-03-01,BTP,start,persona_x_initial_plan,291
2026-03-01,Bankers_Insurance,business,persona_x_initial_plan,1
2026-03-01,Bankers_Insurance,free,persona_x_initial_plan,18
2026-03-01,Bankers_Insurance,plus,persona_x_initial_plan,4
2026-03-01,Bankers_Insurance,start,persona_x_initial_plan,13
2026-03-01,Bikers_Drivers,business,persona_x_initial_plan,6
2026-03-01,Bikers_Drivers,free,persona_x_initial_plan,130
2026-03-01,Bikers_Drivers,plus,persona_x_initial_plan,32
2026-03-01,Bikers_Drivers,start,persona_x_initial_plan,119
2026-03-01,Cleaning_CallCenters,free,persona_x_initial_plan,9
2026-03-01,Cleaning_CallCenters,plus,persona_x_initial_plan,4
2026-03-01,Cleaning_CallCenters,start,persona_x_initial_plan,10
2026-03-01,Consultant,business,persona_x_initial_plan,13
2026-03-01,Consultant,free,persona_x_initial_plan,298
2026-03-01,Consultant,plus,persona_x_initial_plan,50
2026-03-01,Consultant,start,persona_x_initial_plan,259
2026-03-01,Developer_IT,business,persona_x_initial_plan,5
2026-03-01,Developer_IT,free,persona_x_initial_plan,164
2026-03-01,Developer_IT,plus,persona_x_initial_plan,18
2026-03-01,Developer_IT,start,persona_x_initial_plan,113
2026-03-01,Media_Publishing,free,persona_x_initial_plan,62
2026-03-01,Media_Publishing,plus,persona_x_initial_plan,8
2026-03-01,Media_Publishing,start,persona_x_initial_plan,46
2026-03-01,Medical_Professionals,free,persona_x_initial_plan,32
2026-03-01,Medical_Professionals,plus,persona_x_initial_plan,1
2026-03-01,Medical_Professionals,start,persona_x_initial_plan,27
2026-03-01,Others,business,persona_x_initial_plan,24
2026-03-01,Others,free,persona_x_initial_plan,380
2026-03-01,Others,plus,persona_x_initial_plan,92
2026-03-01,Others,start,persona_x_initial_plan,408
2026-03-01,Professeur,business,persona_x_initial_plan,1
2026-03-01,Professeur,free,persona_x_initial_plan,53
2026-03-01,Professeur,plus,persona_x_initial_plan,12
2026-03-01,Professeur,start,persona_x_initial_plan,49
2026-03-01,Repair,free,persona_x_initial_plan,19
2026-03-01,Repair,plus,persona_x_initial_plan,7
2026-03-01,Repair,start,persona_x_initial_plan,10
2026-03-01,Repair_Installation,free,persona_x_initial_plan,4
2026-03-01,Repair_Installation,start,persona_x_initial_plan,2
2026-03-01,Restauration,business,persona_x_initial_plan,3
2026-03-01,Restauration,free,persona_x_initial_plan,35
2026-03-01,Restauration,plus,persona_x_initial_plan,9
2026-03-01,Restauration,start,persona_x_initial_plan,61
2026-03-01,Retail,business,persona_x_initial_plan,14
2026-03-01,Retail,free,persona_x_initial_plan,263
2026-03-01,Retail,plus,persona_x_initial_plan,47
2026-03-01,Retail,start,persona_x_initial_plan,239
2026-03-01,Wholesale,business,persona_x_initial_plan,6
2026-03-01,Wholesale,free,persona_x_initial_plan,46
2026-03-01,Wholesale,plus,persona_x_initial_plan,31
2026-03-01,Wholesale,start,persona_x_initial_plan,41
2026-04-01,ALL,business,initial_plan,149
2026-04-01,ALL,free,initial_plan,2411
2026-04-01,ALL,plus,initial_plan,622
2026-04-01,ALL,start,initial_plan,2130
2026-04-01,ALL,ALL,overall,5312
2026-04-01,Automobile_Trade_Repair,ALL,persona,187
2026-04-01,BTP,ALL,persona,1025
2026-04-01,Bankers_Insurance,ALL,persona,72
2026-04-01,Bikers_Drivers,ALL,persona,361
2026-04-01,Cleaning_CallCenters,ALL,persona,21
2026-04-01,Consultant,ALL,persona,757
2026-04-01,Developer_IT,ALL,persona,348
2026-04-01,Media_Publishing,ALL,persona,141
2026-04-01,Medical_Professionals,ALL,persona,45
2026-04-01,Others,ALL,persona,1267
2026-04-01,Professeur,ALL,persona,170
2026-04-01,Repair,ALL,persona,35
2026-04-01,Repair_Installation,ALL,persona,12
2026-04-01,Restauration,ALL,persona,107
2026-04-01,Retail,ALL,persona,636
2026-04-01,Wholesale,ALL,persona,128
2026-04-01,Automobile_Trade_Repair,business,persona_x_initial_plan,7
2026-04-01,Automobile_Trade_Repair,free,persona_x_initial_plan,71
2026-04-01,Automobile_Trade_Repair,plus,persona_x_initial_plan,30
2026-04-01,Automobile_Trade_Repair,start,persona_x_initial_plan,79
2026-04-01,BTP,business,persona_x_initial_plan,58
2026-04-01,BTP,free,persona_x_initial_plan,407
2026-04-01,BTP,plus,persona_x_initial_plan,185
2026-04-01,BTP,start,persona_x_initial_plan,375
2026-04-01,Bankers_Insurance,free,persona_x_initial_plan,43
2026-04-01,Bankers_Insurance,plus,persona_x_initial_plan,8
2026-04-01,Bankers_Insurance,start,persona_x_initial_plan,21
2026-04-01,Bikers_Drivers,business,persona_x_initial_plan,12
2026-04-01,Bikers_Drivers,free,persona_x_initial_plan,151
2026-04-01,Bikers_Drivers,plus,persona_x_initial_plan,50
2026-04-01,Bikers_Drivers,start,persona_x_initial_plan,148
2026-04-01,Cleaning_CallCenters,free,persona_x_initial_plan,13
2026-04-01,Cleaning_CallCenters,plus,persona_x_initial_plan,3
2026-04-01,Cleaning_CallCenters,start,persona_x_initial_plan,5
2026-04-01,Consultant,business,persona_x_initial_plan,10
2026-04-01,Consultant,free,persona_x_initial_plan,414
2026-04-01,Consultant,plus,persona_x_initial_plan,42
2026-04-01,Consultant,start,persona_x_initial_plan,291
2026-04-01,Developer_IT,business,persona_x_initial_plan,8
2026-04-01,Developer_IT,free,persona_x_initial_plan,181
2026-04-01,Developer_IT,plus,persona_x_initial_plan,28
2026-04-01,Developer_IT,start,persona_x_initial_plan,131
2026-04-01,Media_Publishing,business,persona_x_initial_plan,2
2026-04-01,Media_Publishing,free,persona_x_initial_plan,76
2026-04-01,Media_Publishing,plus,persona_x_initial_plan,4
2026-04-01,Media_Publishing,start,persona_x_initial_plan,59
2026-04-01,Medical_Professionals,free,persona_x_initial_plan,26
2026-04-01,Medical_Professionals,plus,persona_x_initial_plan,2
2026-04-01,Medical_Professionals,start,persona_x_initial_plan,17
2026-04-01,Others,business,persona_x_initial_plan,29
2026-04-01,Others,free,persona_x_initial_plan,476
2026-04-01,Others,plus,persona_x_initial_plan,158
2026-04-01,Others,start,persona_x_initial_plan,604
2026-04-01,Professeur,business,persona_x_initial_plan,2
2026-04-01,Professeur,free,persona_x_initial_plan,98
2026-04-01,Professeur,plus,persona_x_initial_plan,10
2026-04-01,Professeur,start,persona_x_initial_plan,60
2026-04-01,Repair,free,persona_x_initial_plan,17
2026-04-01,Repair,plus,persona_x_initial_plan,5
2026-04-01,Repair,start,persona_x_initial_plan,13
2026-04-01,Repair_Installation,free,persona_x_initial_plan,7
2026-04-01,Repair_Installation,plus,persona_x_initial_plan,1
2026-04-01,Repair_Installation,start,persona_x_initial_plan,4
2026-04-01,Restauration,free,persona_x_initial_plan,43
2026-04-01,Restauration,plus,persona_x_initial_plan,14
2026-04-01,Restauration,start,persona_x_initial_plan,50
2026-04-01,Retail,business,persona_x_initial_plan,12
2026-04-01,Retail,free,persona_x_initial_plan,328
2026-04-01,Retail,plus,persona_x_initial_plan,69
2026-04-01,Retail,start,persona_x_initial_plan,227
2026-04-01,Wholesale,business,persona_x_initial_plan,9
2026-04-01,Wholesale,free,persona_x_initial_plan,60
2026-04-01,Wholesale,plus,persona_x_initial_plan,13
2026-04-01,Wholesale,start,persona_x_initial_plan,46
