persona,initial_subscription_group,segment_level,companies_with_sufficient_history,declining_companies,declining_companies_april_revenue,declining_companies_baseline_revenue,declining_company_share_pct,observed_monthly_revenue_gap
ALL,start,initial_plan,1033,242,12822.08996808325306914783,29256.53024163983361473630,23.43,16434.44027355658054558847
ALL,plus,initial_plan,558,135,9615.46839280116666102638,22807.24806564717705522300,24.19,13191.77967284601039419662
ALL,free,initial_plan,453,101,4581.90530396054113274861,12722.60170806518419405900,22.3,8140.69640410464306131039
ALL,business,initial_plan,80,15,2772.59817980382675308076,5966.57006445258525069750,18.75,3193.97188464875849761674
ALL,ALL,overall,2124,493,29792.06184464878761600358,70752.95007980478011471580,23.21,40960.88823515599249871222
BTP,ALL,persona,515,150,10445.99158988106813480153,24316.76869524840020662930,29.13,13870.77710536733207182777
Retail,ALL,persona,249,61,2626.99961051600684565556,5855.77175593791510375000,24.5,3228.77214542190825809444
Consultant,ALL,persona,357,60,5325.83889831216228755080,10860.37383545352290944750,16.81,5534.53493714136062189670
Others,ALL,persona,270,59,2910.78530190504871553950,6998.26523518528157382700,21.85,4087.47993328023285828750
Automobile_Trade_Repair,ALL,persona,106,36,1520.54336510246290184971,5197.74270881203890244000,33.96,3677.19934370957600059029
Developer_IT,ALL,persona,208,32,1404.57302073862800181650,3038.95179155889824116000,15.38,1634.37877082027023934350
Bikers_Drivers,ALL,persona,115,29,1872.47445694958455861720,3799.31566788820873015200,25.22,1926.84121093862417153480
Wholesale,ALL,persona,60,16,1034.64157589643492823180,3515.00024748765811298000,26.67,2480.35867159122318474820
Restauration,ALL,persona,63,15,858.42776634684691157000,1783.77450843615845317000,23.81,925.34674208931154160000
Media_Publishing,ALL,persona,66,11,581.99063667397144821698,1214.38529102684598787000,16.67,632.39465435287453965302
Professeur,ALL,persona,44,9,295.67601252054726619100,1105.98013318410602670000,20.45,810.30412066355876050900
Bankers_Insurance,ALL,persona,24,6,441.49457554794485717300,1457.15107441862742130000,25.0,1015.65649887068256412700
Cleaning_CallCenters,ALL,persona,11,3,37.06039170191776694000,417.97622077205452900000,27.27,380.91582907013676206000
Repair,ALL,persona,7,3,50.89434346794506645000,163.61963625643810109000,42.86,112.72529278849303464000
Medical_Professionals,ALL,persona,22,2,294.47524822410867340000,878.08578719506468080000,9.09,583.61053897095600740000
Repair_Installation,ALL,persona,7,1,90.19505086410925200000,149.78749094356113440000,14.29,59.59244007945188240000
BTP,start,persona_x_initial_plan,219,66,3418.35393351286732863523,7482.47349049553960557630,30.14,4064.11955698267227694107
BTP,plus,persona_x_initial_plan,173,54,3936.15118020766001561030,8818.32294968219213275300,31.21,4882.17176947453211714270
Retail,start,persona_x_initial_plan,122,35,1365.43052006794155113500,3052.34410484547043180000,28.69,1686.91358477752888066500
Consultant,start,persona_x_initial_plan,206,33,3605.96328273916553943160,6506.35317295121563834000,16.02,2900.38989021205009890840
BTP,free,persona_x_initial_plan,98,26,1903.11481742520339485600,4938.04109508711716230000,26.53,3034.92627766191376744400
Developer_IT,start,persona_x_initial_plan,111,22,1032.66848081917663247700,2267.76706621917349292000,19.82,1235.09858539999686044300
Others,start,persona_x_initial_plan,126,21,774.62691014520403850700,1631.44233118051757203000,16.67,856.81542103531353352300
Others,plus,persona_x_initial_plan,73,20,1454.40557490231172314800,3700.72412250285071274000,27.4,2246.31854760053898959200
Consultant,free,persona_x_initial_plan,90,19,982.85564189753308497000,2911.02414516383180960000,21.11,1928.16850326629872463000
Automobile_Trade_Repair,start,persona_x_initial_plan,40,17,597.19255803999858695700,2411.40925899670313095000,42.5,1814.21670095670454399300
Others,free,persona_x_initial_plan,62,17,497.97885842136885988450,1365.30279588931130105700,27.42,867.32393746794244117250
Retail,plus,persona_x_initial_plan,74,17,1008.67885179820301974660,1974.02350464970690407000,22.97,965.34465285150388432340
Bikers_Drivers,start,persona_x_initial_plan,51,12,356.86724580712273149520,973.10207280876442383000,23.53,616.23482700164169233480
Automobile_Trade_Repair,plus,persona_x_initial_plan,41,9,628.79630916164299831610,2017.46113786136540940000,21.95,1388.66482869972241108390
Bikers_Drivers,plus,persona_x_initial_plan,39,9,302.48236798684903219400,717.79554529862822797000,23.08,415.31317731177919577600
Restauration,start,persona_x_initial_plan,31,9,538.09155295671071152000,1197.35720988054390260000,29.03,659.26565692383319108000
Automobile_Trade_Repair,free,persona_x_initial_plan,15,8,130.72338158410900260761,476.28805109369683543000,53.33,345.56466950958783282239
Media_Publishing,start,persona_x_initial_plan,42,8,526.33808541314953752380,1019.40112270520228189000,19.05,493.06303729205274436620
Retail,free,persona_x_initial_plan,47,8,252.89022760876638436300,749.37154325260078158000,17.02,496.48131564383439721700
Consultant,plus,persona_x_initial_plan,54,7,737.01923970286092342320,1362.99326760970833822000,12.96,625.97402790684741479680
Developer_IT,free,persona_x_initial_plan,70,7,180.68865323780782640950,426.23596521479369404000,10.0,245.54731197698586763050
Wholesale,plus,persona_x_initial_plan,26,7,729.72878613040795707400,1610.76317201259586392000,26.92,881.03438588218790684600
Wholesale,start,persona_x_initial_plan,23,7,222.32663621260231386300,1643.20018516985726921000,30.43,1420.87354895725495534700
Professeur,start,persona_x_initial_plan,25,6,191.80277177862960790000,495.96240809862852860000,24.0,304.15963631999892070000
BTP,business,persona_x_initial_plan,25,4,1188.37165873533739570000,3077.93115998355130600000,16.0,1889.55950124821391030000
Bankers_Insurance,free,persona_x_initial_plan,11,4,320.54153681698626300000,998.23455440328695790000,36.36,677.69301758630069490000
Bikers_Drivers,business,persona_x_initial_plan,9,4,1154.03454774848966198000,1874.18591477204934060000,44.44,720.15136702355967862000
Bikers_Drivers,free,persona_x_initial_plan,16,4,59.09029540712313294800,234.23213500876673775200,25.0,175.14183960164360480400
Developer_IT,plus,persona_x_initial_plan,24,3,191.21588668164354293000,344.94876012493105420000,12.5,153.73287344328751127000
Restauration,free,persona_x_initial_plan,10,3,149.32165394082146515000,303.06918776931391290000,30.0,153.74753382849244775000
Restauration,plus,persona_x_initial_plan,22,3,171.01455944931473490000,283.34811078630063767000,13.64,112.33355133698590277000
Automobile_Trade_Repair,business,persona_x_initial_plan,10,2,163.83111631671231396900,292.58426086027352666000,20.0,128.75314454356121269100
Cleaning_CallCenters,start,persona_x_initial_plan,5,2,35.94760195945201334000,97.24101609369836100000,40.0,61.29341413424634766000
Media_Publishing,plus,persona_x_initial_plan,11,2,51.63189513315068509318,178.36865440219165398000,18.18,126.73675926904096888682
Professeur,free,persona_x_initial_plan,11,2,64.49274762410951810000,203.06700238684882100000,18.18,138.57425476273930290000
Repair,free,persona_x_initial_plan,2,2,36.18683386904097486000,101.11971887616412850000,100.0,64.93288500712315364000
Wholesale,business,persona_x_initial_plan,8,2,82.58615355342465729480,261.03689030520497985000,25.0,178.45073675178032255520
Bankers_Insurance,plus,persona_x_initial_plan,3,1,95.92537623452023800000,253.52681339013588400000,33.33,157.60143715561564600000
Bankers_Insurance,start,persona_x_initial_plan,10,1,25.02766249643835617300,205.38970662520457940000,10.0,180.36204412876622322700
Cleaning_CallCenters,plus,persona_x_initial_plan,4,1,1.11278974246575360000,320.73520467835616800000,25.0,319.62241493589041440000
Consultant,business,persona_x_initial_plan,7,1,0.00073397260273972600,80.00324972876712328750,14.29,80.00251575616438356150
Media_Publishing,free,persona_x_initial_plan,11,1,4.02065612767122560000,16.61551391945205200000,9.09,12.59485779178082640000
Medical_Professionals,plus,persona_x_initial_plan,4,1,267.92508255232789680000,817.28609994958539120000,25.0,549.36101739725749440000
Medical_Professionals,start,persona_x_initial_plan,14,1,26.55016567178077660000,60.79968724547928960000,7.14,34.24952157369851300000
Others,business,persona_x_initial_plan,9,1,183.77395843616409400000,300.79598561260198800000,11.11,117.02202717643789400000
Professeur,plus,persona_x_initial_plan,8,1,39.38049311780814019100,406.95072269862867710000,12.5,367.57022958082053690900
Repair,start,persona_x_initial_plan,4,1,14.70750959890409159000,62.49991738027397259000,25.0,47.79240778136988100000
Repair_Installation,start,persona_x_initial_plan,4,1,90.19505086410925200000,149.78749094356113440000,25.0,59.59244007945188240000
Retail,business,persona_x_initial_plan,6,1,0.00001104109589041096,80.03260319013698630000,16.67,80.03259214904109588904
Cleaning_CallCenters,business,persona_x_initial_plan,1,0,,,0.0,
Cleaning_CallCenters,free,persona_x_initial_plan,1,0,,,0.0,
Developer_IT,business,persona_x_initial_plan,3,0,,,0.0,
Media_Publishing,business,persona_x_initial_plan,2,0,,,0.0,
Medical_Professionals,free,persona_x_initial_plan,4,0,,,0.0,
Repair,plus,persona_x_initial_plan,1,0,,,0.0,
Repair_Installation,free,persona_x_initial_plan,2,0,,,0.0,
Repair_Installation,plus,persona_x_initial_plan,1,0,,,0.0,
Wholesale,free,persona_x_initial_plan,3,0,,,0.0,
