account_health_state,persona,initial_subscription_group,segment_level,companies,cutoff_month_revenue,cumulative_revenue,comparable_segment_companies,comparable_segment_company_share_pct
Healthy revenue account,ALL,business,initial_plan,66,13795.83289605640032952162,55069.77215716890570251836,143,46.15
Watch - revenue declining,ALL,business,initial_plan,15,2772.59817980382675308076,21871.47879043609231007766,143,10.49
At-risk,ALL,business,initial_plan,13,0.00000000000000000000,8952.47102347456619003452,143,9.09
Churned proxy,ALL,business,initial_plan,49,0.00000000000000000000,10607.16824587999885999888,143,34.27
Healthy revenue account,ALL,free,initial_plan,1922,49653.88222726400813664472,229591.06578368267026507498,2464,78.0
Watch - revenue declining,ALL,free,initial_plan,186,5138.21298480985522758791,67642.49306565858774606495,2464,7.55
Recovered / monitor,ALL,free,initial_plan,47,309.48493769753347645616,2516.53286790406966320443,2464,1.91
At-risk,ALL,free,initial_plan,108,0.00000000000000000000,5766.83588652240638263332,2464,4.38
Churned proxy,ALL,free,initial_plan,194,0.00000000000000000000,8856.46210255718255792317,2464,7.87
Never monetized,ALL,free,initial_plan,7,0.00000000000000000000,,2464,0.28
Healthy revenue account,ALL,plus,initial_plan,595,58961.26806018935415308206,260178.89976450981656122351,929,64.05
Watch - revenue declining,ALL,plus,initial_plan,142,9703.59176375060500668842,107077.74634817958618580082,929,15.29
Recovered / monitor,ALL,plus,initial_plan,22,801.58022771177999853970,3964.73242778456530577746,929,2.37
At-risk,ALL,plus,initial_plan,55,0.00000000000000000000,9432.22400163310057896439,929,5.92
Churned proxy,ALL,plus,initial_plan,113,0.00000000000000000000,11821.03298662551456527697,929,12.16
Never monetized,ALL,plus,initial_plan,2,0.00000000000000000000,,929,0.22
Healthy revenue account,ALL,start,initial_plan,2152,110286.56458185183621896712,482863.31542015641079712572,2801,76.83
Watch - revenue declining,ALL,start,initial_plan,330,14030.98761547886872549353,152494.29823682164254359620,2801,11.78
Recovered / monitor,ALL,start,initial_plan,25,368.57125874246520807222,2182.39749399613512672254,2801,0.89
At-risk,ALL,start,initial_plan,104,0.00000000000000000000,15515.05709994000904693685,2801,3.71
Churned proxy,ALL,start,initial_plan,182,0.00000000000000000000,10769.72989789935571057427,2801,6.5
Never monetized,ALL,start,initial_plan,8,0.00000000000000000000,,2801,0.29
Healthy revenue account,ALL,ALL,overall,4735,232697.54776536159883821552,1027703.05312551780332594257,6337,74.72
Watch - revenue declining,ALL,ALL,overall,673,31645.39054384315571285062,349086.01644109590878553963,6337,10.62
Recovered / monitor,ALL,ALL,overall,94,1479.63642415177868306808,8663.66278968477009570443,6337,1.48
At-risk,ALL,ALL,overall,280,0.00000000000000000000,39666.58801157008219856908,6337,4.42
Churned proxy,ALL,ALL,overall,538,0.00000000000000000000,42054.39323296205169377329,6337,8.49
Never monetized,ALL,ALL,overall,17,0.00000000000000000000,,6337,0.27
Healthy revenue account,Automobile_Trade_Repair,ALL,persona,169,11221.91967828442759696999,45769.54239832562604986418,270,62.59
Watch - revenue declining,Automobile_Trade_Repair,ALL,persona,45,1566.14273374629848857505,23925.82577179116125785542,270,16.67
Recovered / monitor,Automobile_Trade_Repair,ALL,persona,2,50.03139189041095889910,240.98739911981735866916,270,0.74
At-risk,Automobile_Trade_Repair,ALL,persona,20,0.00000000000000000000,1172.14878393255304680222,270,7.41
Churned proxy,Automobile_Trade_Repair,ALL,persona,31,0.00000000000000000000,5104.75333672568055702276,270,11.48
Never monetized,Automobile_Trade_Repair,ALL,persona,3,0.00000000000000000000,,270,1.11
Healthy revenue account,BTP,ALL,persona,818,52537.96512494939800752136,228917.50169501032265246253,1151,71.07
Watch - revenue declining,BTP,ALL,persona,179,10700.35565051394472236653,123557.98488227944835386547,1151,15.55
Recovered / monitor,BTP,ALL,persona,12,254.99182245150631186610,1306.30184317432366770330,1151,1.04
At-risk,BTP,ALL,persona,44,0.00000000000000000000,11292.86030506316986617048,1151,3.82
Churned proxy,BTP,ALL,persona,97,0.00000000000000000000,8863.60253260906735473997,1151,8.43
Never monetized,BTP,ALL,persona,1,0.00000000000000000000,,1151,0.09
Healthy revenue account,Bankers_Insurance,ALL,persona,65,2257.00422153588791418600,11485.58518196128082409365,86,75.58
Watch - revenue declining,Bankers_Insurance,ALL,persona,8,466.34471237424622346600,6854.61794724043960163300,86,9.3
Recovered / monitor,Bankers_Insurance,ALL,persona,3,11.21988240000000100000,110.21944304520405418700,86,3.49
At-risk,Bankers_Insurance,ALL,persona,1,0.00000000000000000000,4.16739726027397330000,86,1.16
Churned proxy,Bankers_Insurance,ALL,persona,9,0.00000000000000000000,602.33442798148784913210,86,10.47
Healthy revenue account,Bikers_Drivers,ALL,persona,256,9857.90718908563083155314,41818.13248422722673777223,409,62.59
Watch - revenue declining,Bikers_Drivers,ALL,persona,39,1980.06833618629680258940,17182.64752776737243420144,409,9.54
Recovered / monitor,Bikers_Drivers,ALL,persona,8,59.52012017808206575368,977.57496189688217342731,409,1.96
At-risk,Bikers_Drivers,ALL,persona,26,0.00000000000000000000,4053.32659032277220528119,409,6.36
Churned proxy,Bikers_Drivers,ALL,persona,77,0.00000000000000000000,6809.81609888805836485570,409,18.83
Never monetized,Bikers_Drivers,ALL,persona,3,0.00000000000000000000,,409,0.73
Healthy revenue account,Cleaning_CallCenters,ALL,persona,26,768.81893331287537738668,4492.19818678154961793640,33,78.79
Watch - revenue declining,Cleaning_CallCenters,ALL,persona,4,37.37415931287666954000,1956.78071841345729741000,33,12.12
At-risk,Cleaning_CallCenters,ALL,persona,1,0.00000000000000000000,374.00055837257008986740,33,3.03
Churned proxy,Cleaning_CallCenters,ALL,persona,1,0.00000000000000000000,40.52804180463955143000,33,3.03
Never monetized,Cleaning_CallCenters,ALL,persona,1,0.00000000000000000000,,33,3.03
Healthy revenue account,Consultant,ALL,persona,882,41066.26617399382402479722,183986.27324790961018040577,1097,80.4
Watch - revenue declining,Consultant,ALL,persona,97,5721.56149021955916080520,51969.87999235549607804659,1097,8.84
Recovered / monitor,Consultant,ALL,persona,14,94.00096770191745612850,573.79931335868821697930,1097,1.28
At-risk,Consultant,ALL,persona,42,0.00000000000000000000,4135.33520044334377303565,1097,3.83
Churned proxy,Consultant,ALL,persona,61,0.00000000000000000000,3407.34326748417470013766,1097,5.56
Never monetized,Consultant,ALL,persona,1,0.00000000000000000000,,1097,0.09
Healthy revenue account,Developer_IT,ALL,persona,442,21390.94832762688014343630,94508.00922186549752873735,552,80.07
Watch - revenue declining,Developer_IT,ALL,persona,49,1591.84898596547725334050,14654.16686115355613986426,552,8.88
Recovered / monitor,Developer_IT,ALL,persona,10,186.22020767013674032935,1041.90933852462128344325,552,1.81
At-risk,Developer_IT,ALL,persona,15,0.00000000000000000000,1637.44329455504014211657,552,2.72
Churned proxy,Developer_IT,ALL,persona,34,0.00000000000000000000,2642.10105783620374094840,552,6.16
Never monetized,Developer_IT,ALL,persona,2,0.00000000000000000000,,552,0.36
Healthy revenue account,Media_Publishing,ALL,persona,194,7986.23951356217923597405,36500.78488343331968986909,232,83.62
Watch - revenue declining,Media_Publishing,ALL,persona,13,602.66502511013583012698,6320.66509633532690191098,232,5.6
Recovered / monitor,Media_Publishing,ALL,persona,7,321.22927167452033546000,1028.61108467634866464640,232,3.02
At-risk,Media_Publishing,ALL,persona,10,0.00000000000000000000,593.64267494340890528123,232,4.31
Churned proxy,Media_Publishing,ALL,persona,8,0.00000000000000000000,272.47678110063152867291,232,3.45
Healthy revenue account,Medical_Professionals,ALL,persona,63,2787.62779056437938657950,11587.93069869516409914447,71,88.73
Watch - revenue declining,Medical_Professionals,ALL,persona,4,304.19380476602647925000,3678.11662021041910219000,71,5.63
Recovered / monitor,Medical_Professionals,ALL,persona,1,1.62223223342465790000,5.09527998465753503000,71,1.41
At-risk,Medical_Professionals,ALL,persona,1,0.00000000000000000000,13.83411173227936506220,71,1.41
Churned proxy,Medical_Professionals,ALL,persona,2,0.00000000000000000000,49.72662975345135971000,71,2.82
Healthy revenue account,Others,ALL,persona,763,31051.13167065483720561235,136310.37244362092832238933,1004,76.0
Watch - revenue declining,Others,ALL,persona,85,3204.62863253134958483660,33365.59678306644885806374,1004,8.47
Recovered / monitor,Others,ALL,persona,15,177.51861904547935359690,1517.51317233267007789787,1004,1.49
At-risk,Others,ALL,persona,46,0.00000000000000000000,6657.40020928015418464237,1004,4.58
Churned proxy,Others,ALL,persona,95,0.00000000000000000000,7437.35722623246602805100,1004,9.46
Healthy revenue account,Professeur,ALL,persona,152,4469.18616563999223394260,20005.29797466205275183410,192,79.17
Watch - revenue declining,Professeur,ALL,persona,16,428.99737437917729705100,4615.25668088971306771500,192,8.33
Recovered / monitor,Professeur,ALL,persona,3,31.86625850849311929560,72.85882367639301173660,192,1.56
At-risk,Professeur,ALL,persona,9,0.00000000000000000000,1107.77137257131834286578,192,4.69
Churned proxy,Professeur,ALL,persona,12,0.00000000000000000000,201.80061914809411329412,192,6.25
Healthy revenue account,Repair,ALL,persona,30,480.67216909205419780120,2441.26956393648202918190,42,71.43
Watch - revenue declining,Repair,ALL,persona,5,56.73707364438342047400,973.48738913744700046800,42,11.9
At-risk,Repair,ALL,persona,1,0.00000000000000000000,38.80310145260264046200,42,2.38
Churned proxy,Repair,ALL,persona,6,0.00000000000000000000,424.63203604454807964413,42,14.29
Healthy revenue account,Repair_Installation,ALL,persona,11,630.04216443725831143000,2638.92532670202941672400,13,84.62
Watch - revenue declining,Repair_Installation,ALL,persona,1,90.19505086410925200000,778.44382939375094770000,13,7.69
At-risk,Repair_Installation,ALL,persona,1,0.00000000000000000000,70.82263863999996320800,13,7.69
Healthy revenue account,Restauration,ALL,persona,121,7933.85545047927605320621,34324.04712875052546854009,168,72.02
Watch - revenue declining,Restauration,ALL,persona,22,961.82980174684669084090,8773.41907749079478009250,168,13.1
Recovered / monitor,Restauration,ALL,persona,3,50.99856647013698608950,366.15762640203399204040,168,1.79
At-risk,Restauration,ALL,persona,8,0.00000000000000000000,1079.65472305095504971017,168,4.76
Churned proxy,Restauration,ALL,persona,14,0.00000000000000000000,1071.95689461644209384515,168,8.33
Healthy revenue account,Retail,ALL,persona,634,31410.46248933504481399703,145053.01250680393902829716,865,73.29
Watch - revenue declining,Retail,ALL,persona,86,2864.89091953174636239566,34682.79667842298726616133,865,9.94
Recovered / monitor,Retail,ALL,persona,14,206.29028439890367521935,1147.13492270739033265624,865,1.62
At-risk,Retail,ALL,persona,46,0.00000000000000000000,5078.05712200558484073576,865,5.32
Churned proxy,Retail,ALL,persona,81,0.00000000000000000000,4334.01389883375114194378,865,9.36
Never monetized,Retail,ALL,persona,4,0.00000000000000000000,,865,0.46
Healthy revenue account,Wholesale,ALL,persona,109,6847.50070280765350382189,27864.17018283224892869032,152,71.71
Watch - revenue declining,Wholesale,ALL,persona,20,1067.55679295068147519280,15796.33058514808969836190,152,13.16
Recovered / monitor,Wholesale,ALL,persona,2,34.12679952876702153000,275.49958078573972728760,152,1.32
At-risk,Wholesale,ALL,persona,9,0.00000000000000000000,2357.31992794405581002806,152,5.92
Churned proxy,Wholesale,ALL,persona,10,0.00000000000000000000,791.95038390335523034561,152,6.58
Never monetized,Wholesale,ALL,persona,2,0.00000000000000000000,,152,1.32
Healthy revenue account,Automobile_Trade_Repair,business,persona_x_initial_plan,9,2051.09219086684261875983,8908.31996900198571025671,14,64.29
Watch - revenue declining,Automobile_Trade_Repair,business,persona_x_initial_plan,2,163.83111631671231396900,1887.53237348681147679900,14,14.29
Churned proxy,Automobile_Trade_Repair,business,persona_x_initial_plan,3,0.00000000000000000000,535.51671764008849033400,14,21.43
Healthy revenue account,Automobile_Trade_Repair,free,persona_x_initial_plan,45,941.07288549995580127532,3681.67374440032556197186,74,60.81
Watch - revenue declining,Automobile_Trade_Repair,free,persona_x_initial_plan,12,139.09510356219118284951,2680.65846766624151591588,74,16.22
At-risk,Automobile_Trade_Repair,free,persona_x_initial_plan,9,0.00000000000000000000,453.76510003780845525930,74,12.16
Churned proxy,Automobile_Trade_Repair,free,persona_x_initial_plan,7,0.00000000000000000000,850.83088384491046025996,74,9.46
Never monetized,Automobile_Trade_Repair,free,persona_x_initial_plan,1,0.00000000000000000000,,74,1.35
Healthy revenue account,Automobile_Trade_Repair,plus,persona_x_initial_plan,42,4166.43581872148013858897,19006.29681621704419427762,63,66.67
Watch - revenue declining,Automobile_Trade_Repair,plus,persona_x_initial_plan,10,628.79640521917724489144,8972.89271247502237068974,63,15.87
Recovered / monitor,Automobile_Trade_Repair,plus,persona_x_initial_plan,2,50.03139189041095889910,240.98739911981735866916,63,3.17
At-risk,Automobile_Trade_Repair,plus,persona_x_initial_plan,2,0.00000000000000000000,144.14790939045784518120,63,3.17
Churned proxy,Automobile_Trade_Repair,plus,persona_x_initial_plan,7,0.00000000000000000000,1151.40687647873796059550,63,11.11
Healthy revenue account,Automobile_Trade_Repair,start,persona_x_initial_plan,73,4063.31878319614903834587,14173.25186870627058335799,119,61.34
Watch - revenue declining,Automobile_Trade_Repair,start,persona_x_initial_plan,21,634.42010864821774686510,10384.74221816308589445080,119,17.65
At-risk,Automobile_Trade_Repair,start,persona_x_initial_plan,9,0.00000000000000000000,574.23577450428674636172,119,7.56
Churned proxy,Automobile_Trade_Repair,start,persona_x_initial_plan,14,0.00000000000000000000,2566.99885876194364583330,119,11.76
Never monetized,Automobile_Trade_Repair,start,persona_x_initial_plan,2,0.00000000000000000000,,119,1.68
Healthy revenue account,BTP,business,persona_x_initial_plan,21,4599.68883971231476168270,18725.85607563654338637060,41,51.22
Watch - revenue declining,BTP,business,persona_x_initial_plan,4,1188.37165873533739570000,9956.70396812207490969000,41,9.76
At-risk,BTP,business,persona_x_initial_plan,4,0.00000000000000000000,4902.97143907119398859279,41,9.76
Churned proxy,BTP,business,persona_x_initial_plan,12,0.00000000000000000000,2722.85928007194974980670,41,29.27
Healthy revenue account,BTP,free,persona_x_initial_plan,310,12524.81837148113399066462,57420.15197270087231315205,395,78.48
Watch - revenue declining,BTP,free,persona_x_initial_plan,40,1929.97123528547732937700,26082.09374373560628338764,395,10.13
Recovered / monitor,BTP,free,persona_x_initial_plan,5,8.70905188438354587460,124.66873245260240628440,395,1.27
At-risk,BTP,free,persona_x_initial_plan,10,0.00000000000000000000,299.57959485723555884930,395,2.53
Churned proxy,BTP,free,persona_x_initial_plan,29,0.00000000000000000000,2092.85132428782492325650,395,7.34
Never monetized,BTP,free,persona_x_initial_plan,1,0.00000000000000000000,,395,0.25
Healthy revenue account,BTP,plus,persona_x_initial_plan,157,14191.71688475800987188489,65039.93365545622603922307,257,61.09
Watch - revenue declining,BTP,plus,persona_x_initial_plan,55,3947.71120713259151973930,44385.98432273064594126780,257,21.4
Recovered / monitor,BTP,plus,persona_x_initial_plan,7,246.28277056712276599150,1181.63311072172126141890,257,2.72
At-risk,BTP,plus,persona_x_initial_plan,13,0.00000000000000000000,2214.79551986170298596792,257,5.06
Churned proxy,BTP,plus,persona_x_initial_plan,25,0.00000000000000000000,1466.00056899183149767643,257,9.73
Healthy revenue account,BTP,start,persona_x_initial_plan,330,21221.74102899793938328915,87731.55999121668091371681,458,72.05
Watch - revenue declining,BTP,start,persona_x_initial_plan,80,3634.30154936053847755023,43133.20284769112121952003,458,17.47
At-risk,BTP,start,persona_x_initial_plan,17,0.00000000000000000000,3875.51375127303733276047,458,3.71
Churned proxy,BTP,start,persona_x_initial_plan,31,0.00000000000000000000,2581.89135925746118400034,458,6.77
Healthy revenue account,Bankers_Insurance,free,persona_x_initial_plan,39,916.83558795945169170300,4511.09385937398067755465,54,72.22
Watch - revenue declining,Bankers_Insurance,free,persona_x_initial_plan,4,320.54153681698626300000,3819.00109492791716830000,54,7.41
Recovered / monitor,Bankers_Insurance,free,persona_x_initial_plan,3,11.21988240000000100000,110.21944304520405418700,54,5.56
At-risk,Bankers_Insurance,free,persona_x_initial_plan,1,0.00000000000000000000,4.16739726027397330000,54,1.85
Churned proxy,Bankers_Insurance,free,persona_x_initial_plan,7,0.00000000000000000000,430.37875964517013175210,54,12.96
Healthy revenue account,Bankers_Insurance,plus,persona_x_initial_plan,2,181.51756819123209380000,1071.53616589238691580000,3,66.67
Watch - revenue declining,Bankers_Insurance,plus,persona_x_initial_plan,1,95.92537623452023800000,1013.06774339024396080000,3,33.33
Healthy revenue account,Bankers_Insurance,start,persona_x_initial_plan,24,1158.65106538520412868300,5902.95515669491323073900,29,82.76
Watch - revenue declining,Bankers_Insurance,start,persona_x_initial_plan,3,49.87779932273972246600,2022.54910892227847253300,29,10.34
Churned proxy,Bankers_Insurance,start,persona_x_initial_plan,2,0.00000000000000000000,171.95566833631771738000,29,6.9
Healthy revenue account,Bikers_Drivers,business,persona_x_initial_plan,5,1086.49942490903836574220,4311.28011386885212334790,16,31.25
Watch - revenue declining,Bikers_Drivers,business,persona_x_initial_plan,4,1154.03454774848966198000,7109.77000474328701151170,16,25.0
Churned proxy,Bikers_Drivers,business,persona_x_initial_plan,7,0.00000000000000000000,1348.68609865281769086858,16,43.75
Healthy revenue account,Bikers_Drivers,free,persona_x_initial_plan,100,1764.00212576657065369353,8211.74360451297586706947,154,64.94
Watch - revenue declining,Bikers_Drivers,free,persona_x_initial_plan,6,60.22645895342449725040,1425.42010259195278011750,154,3.9
Recovered / monitor,Bikers_Drivers,free,persona_x_initial_plan,6,59.51833566082179178091,853.60639807430967609109,154,3.9
At-risk,Bikers_Drivers,free,persona_x_initial_plan,12,0.00000000000000000000,1003.33057309089855892359,154,7.79
Churned proxy,Bikers_Drivers,free,persona_x_initial_plan,28,0.00000000000000000000,1187.72659571030863456374,154,18.18
Never monetized,Bikers_Drivers,free,persona_x_initial_plan,2,0.00000000000000000000,,154,1.3
Healthy revenue account,Bikers_Drivers,plus,persona_x_initial_plan,43,3456.87148220571493393893,14106.52629413458610213417,83,51.81
Watch - revenue declining,Bikers_Drivers,plus,persona_x_initial_plan,10,314.63697683452026126400,3390.50510083396942538300,83,12.05
At-risk,Bikers_Drivers,plus,persona_x_initial_plan,8,0.00000000000000000000,1354.15104414743733919540,83,9.64
Churned proxy,Bikers_Drivers,plus,persona_x_initial_plan,21,0.00000000000000000000,3219.67336388810593678538,83,25.3
Never monetized,Bikers_Drivers,plus,persona_x_initial_plan,1,0.00000000000000000000,,83,1.2
Healthy revenue account,Bikers_Drivers,start,persona_x_initial_plan,108,3550.53415620430687817848,15188.58247171081264522069,156,69.23
Watch - revenue declining,Bikers_Drivers,start,persona_x_initial_plan,19,451.17035264986238209500,5256.95231959816321718924,156,12.18
Recovered / monitor,Bikers_Drivers,start,persona_x_initial_plan,2,0.00178451726027397277,123.96856382257249733622,156,1.28
At-risk,Bikers_Drivers,start,persona_x_initial_plan,6,0.00000000000000000000,1695.84497308443630716220,156,3.85
Churned proxy,Bikers_Drivers,start,persona_x_initial_plan,21,0.00000000000000000000,1053.73004063682610263800,156,13.46
Healthy revenue account,Cleaning_CallCenters,business,persona_x_initial_plan,1,81.83962976328767120000,507.37012210734187992200,1,100.0
Healthy revenue account,Cleaning_CallCenters,free,persona_x_initial_plan,12,132.21809889862985202700,929.23196726367512027412,12,100.0
Healthy revenue account,Cleaning_CallCenters,plus,persona_x_initial_plan,5,334.30147203287628775668,1632.88078777121834437728,8,62.5
Watch - revenue declining,Cleaning_CallCenters,plus,persona_x_initial_plan,1,1.11278974246575360000,1263.56020945314961960000,8,12.5
At-risk,Cleaning_CallCenters,plus,persona_x_initial_plan,1,0.00000000000000000000,374.00055837257008986740,8,12.5
Never monetized,Cleaning_CallCenters,plus,persona_x_initial_plan,1,0.00000000000000000000,,8,12.5
Healthy revenue account,Cleaning_CallCenters,start,persona_x_initial_plan,8,220.45973261808156640300,1422.71530963931427336300,12,66.67
Watch - revenue declining,Cleaning_CallCenters,start,persona_x_initial_plan,3,36.26136957041091594000,693.22050896030767781000,12,25.0
Churned proxy,Cleaning_CallCenters,start,persona_x_initial_plan,1,0.00000000000000000000,40.52804180463955143000,12,8.33
Healthy revenue account,Consultant,business,persona_x_initial_plan,6,1181.44958313698255965650,4174.32848237560753024916,11,54.55
Watch - revenue declining,Consultant,business,persona_x_initial_plan,1,0.00073397260273972600,353.16284373960107186680,11,9.09
Churned proxy,Consultant,business,persona_x_initial_plan,4,0.00000000000000000000,468.75247393374173509560,11,36.36
Healthy revenue account,Consultant,free,persona_x_initial_plan,390,10046.29719390792883523548,48082.00722907540243008148,486,80.25
Watch - revenue declining,Consultant,free,persona_x_initial_plan,41,1157.27129176657395159750,14882.00535903306299186410,486,8.44
Recovered / monitor,Consultant,free,persona_x_initial_plan,9,78.09639146136953351250,190.39262513150617684340,486,1.85
At-risk,Consultant,free,persona_x_initial_plan,18,0.00000000000000000000,940.94906831563756012304,486,3.7
Churned proxy,Consultant,free,persona_x_initial_plan,27,0.00000000000000000000,1058.32915424257075881795,486,5.56
Never monetized,Consultant,free,persona_x_initial_plan,1,0.00000000000000000000,,486,0.21
Healthy revenue account,Consultant,plus,persona_x_initial_plan,62,6531.74131773980688252540,30698.63801114920900903500,84,73.81
Watch - revenue declining,Consultant,plus,persona_x_initial_plan,8,762.03628152094311520420,6497.13315491560469952400,84,9.52
Recovered / monitor,Consultant,plus,persona_x_initial_plan,1,25.00424104328767123400,132.35986379471630107590,84,1.19
At-risk,Consultant,plus,persona_x_initial_plan,5,0.00000000000000000000,546.73232548226889351691,84,5.95
Churned proxy,Consultant,plus,persona_x_initial_plan,8,0.00000000000000000000,1133.29419674364007382470,84,9.52
Healthy revenue account,Consultant,start,persona_x_initial_plan,424,23306.77807920910574737984,101031.29952530939121104013,516,82.17
Watch - revenue declining,Consultant,start,persona_x_initial_plan,47,3802.25318295943935427750,30237.57863466722731479169,516,9.11
Recovered / monitor,Consultant,start,persona_x_initial_plan,4,-9.09966480273974861800,251.04682443246573906000,516,0.78
At-risk,Consultant,start,persona_x_initial_plan,19,0.00000000000000000000,2647.65380664543731939570,516,3.68
Churned proxy,Consultant,start,persona_x_initial_plan,22,0.00000000000000000000,746.96744256422213239941,516,4.26
Healthy revenue account,Developer_IT,business,persona_x_initial_plan,3,332.70002751725989932609,1907.03025632922692122459,4,75.0
Churned proxy,Developer_IT,business,persona_x_initial_plan,1,0.00000000000000000000,1435.22138447044354500000,4,25.0
Healthy revenue account,Developer_IT,free,persona_x_initial_plan,188,8012.08486527834906128355,33713.56012047206920643771,235,80.0
Watch - revenue declining,Developer_IT,free,persona_x_initial_plan,15,234.64688609643791936350,2764.86276115627523869889,235,6.38
Recovered / monitor,Developer_IT,free,persona_x_initial_plan,5,26.26222969260268365400,276.62776955238931400500,235,2.13
At-risk,Developer_IT,free,persona_x_initial_plan,6,0.00000000000000000000,210.70735996576157522180,235,2.55
Churned proxy,Developer_IT,free,persona_x_initial_plan,21,0.00000000000000000000,428.49940205813831631466,235,8.94
Healthy revenue account,Developer_IT,plus,persona_x_initial_plan,28,2082.62916745299698209800,10731.44096964005669403460,40,70.0
Watch - revenue declining,Developer_IT,plus,persona_x_initial_plan,3,191.21588668164354293000,1322.82405633516405646700,40,7.5
At-risk,Developer_IT,plus,persona_x_initial_plan,3,0.00000000000000000000,381.26584552477759200870,40,7.5
Churned proxy,Developer_IT,plus,persona_x_initial_plan,6,0.00000000000000000000,523.00830702358943436580,40,15.0
Healthy revenue account,Developer_IT,start,persona_x_initial_plan,223,10963.53426737827420072866,48155.97787542414470704045,273,81.68
Watch - revenue declining,Developer_IT,start,persona_x_initial_plan,31,1165.98621318739579104700,10566.48004366211684469837,273,11.36
Recovered / monitor,Developer_IT,start,persona_x_initial_plan,5,159.95797797753405667535,765.28156897223196943825,273,1.83
At-risk,Developer_IT,start,persona_x_initial_plan,6,0.00000000000000000000,1045.47008906450097488607,273,2.2
Churned proxy,Developer_IT,start,persona_x_initial_plan,6,0.00000000000000000000,255.37196428403244526794,273,2.2
Never monetized,Developer_IT,start,persona_x_initial_plan,2,0.00000000000000000000,,273,0.73
Healthy revenue account,Media_Publishing,business,persona_x_initial_plan,2,254.70924706082143288800,897.59619611975855074600,2,100.0
Healthy revenue account,Media_Publishing,free,persona_x_initial_plan,101,1192.63134098027066285574,6487.45572176151200046254,115,87.83
Watch - revenue declining,Media_Publishing,free,persona_x_initial_plan,2,13.58385144602738830000,414.42466624821858910000,115,1.74
Recovered / monitor,Media_Publishing,free,persona_x_initial_plan,3,69.57306648219169933000,214.54049254693328596840,115,2.61
At-risk,Media_Publishing,free,persona_x_initial_plan,5,0.00000000000000000000,132.39585309808219214893,115,4.35
Churned proxy,Media_Publishing,free,persona_x_initial_plan,4,0.00000000000000000000,0.94786387013698652328,115,3.48
Healthy revenue account,Media_Publishing,plus,persona_x_initial_plan,10,1746.63238959616213760000,7651.68790427246104581000,16,62.5
Watch - revenue declining,Media_Publishing,plus,persona_x_initial_plan,2,51.63189513315068509318,743.27490599179862564918,16,12.5
Recovered / monitor,Media_Publishing,plus,persona_x_initial_plan,2,205.25022498739726029000,721.16368912986301585800,16,12.5
At-risk,Media_Publishing,plus,persona_x_initial_plan,1,0.00000000000000000000,224.53131874964287495050,16,6.25
Churned proxy,Media_Publishing,plus,persona_x_initial_plan,1,0.00000000000000000000,25.03372435104248640533,16,6.25
Healthy revenue account,Media_Publishing,start,persona_x_initial_plan,81,4792.26653592492500263031,21464.04506127958809285055,99,81.82
Watch - revenue declining,Media_Publishing,start,persona_x_initial_plan,9,537.44927853095775673380,5162.96552409530968716180,99,9.09
Recovered / monitor,Media_Publishing,start,persona_x_initial_plan,2,46.40598020493137584000,92.90690299955236282000,99,2.02
At-risk,Media_Publishing,start,persona_x_initial_plan,4,0.00000000000000000000,236.71550309568383818180,99,4.04
Churned proxy,Media_Publishing,start,persona_x_initial_plan,3,0.00000000000000000000,246.49519287945205574430,99,3.03
Healthy revenue account,Medical_Professionals,free,persona_x_initial_plan,26,675.46870939068464104300,3163.32184992536699139384,29,89.66
Watch - revenue declining,Medical_Professionals,free,persona_x_initial_plan,1,0.17276769589041102000,94.14156456767082180000,29,3.45
Recovered / monitor,Medical_Professionals,free,persona_x_initial_plan,1,1.62223223342465790000,5.09527998465753503000,29,3.45
At-risk,Medical_Professionals,free,persona_x_initial_plan,1,0.00000000000000000000,13.83411173227936506220,29,3.45
Healthy revenue account,Medical_Professionals,plus,persona_x_initial_plan,4,693.18616296328689310000,2604.03021492042137207600,5,80.0
Watch - revenue declining,Medical_Professionals,plus,persona_x_initial_plan,1,267.92508255232789680000,3223.22406870691839150000,5,20.0
Healthy revenue account,Medical_Professionals,start,persona_x_initial_plan,33,1418.97291821040785243650,5820.57863384937573567463,37,89.19
Watch - revenue declining,Medical_Professionals,start,persona_x_initial_plan,2,36.09595451780817143000,360.75098693582988889000,37,5.41
Churned proxy,Medical_Professionals,start,persona_x_initial_plan,2,0.00000000000000000000,49.72662975345135971000,37,5.41
Healthy revenue account,Others,business,persona_x_initial_plan,8,1674.61702028164160502310,6917.06431995363741564820,31,25.81
Watch - revenue declining,Others,business,persona_x_initial_plan,1,183.77395843616409400000,1265.82729600328441600000,31,3.23
At-risk,Others,business,persona_x_initial_plan,6,0.00000000000000000000,2387.85613751555742234793,31,19.35
Churned proxy,Others,business,persona_x_initial_plan,16,0.00000000000000000000,3386.69050322952998887400,31,51.61
Healthy revenue account,Others,free,persona_x_initial_plan,294,5297.01451281722209471639,25757.02715599299155783427,373,78.82
Watch - revenue declining,Others,free,persona_x_initial_plan,32,649.51773657205342926160,7944.91660786771426821914,373,8.58
Recovered / monitor,Others,free,persona_x_initial_plan,5,17.85169523068486567050,158.82204863342453792450,373,1.34
At-risk,Others,free,persona_x_initial_plan,15,0.00000000000000000000,377.48203415404946327014,373,4.02
Churned proxy,Others,free,persona_x_initial_plan,27,0.00000000000000000000,1838.45235693042620038687,373,7.24
Healthy revenue account,Others,plus,persona_x_initial_plan,100,7861.73554485337727852769,33656.95918351535190690789,157,63.69
Watch - revenue declining,Others,plus,persona_x_initial_plan,21,1455.16962934066788353100,14588.35995287469206438160,157,13.38
Recovered / monitor,Others,plus,persona_x_initial_plan,4,78.52193763397258519440,773.81793510676530489790,157,2.55
At-risk,Others,plus,persona_x_initial_plan,11,0.00000000000000000000,1274.96922324193709194245,157,7.01
Churned proxy,Others,plus,persona_x_initial_plan,21,0.00000000000000000000,1231.17155369619112147392,157,13.38
Healthy revenue account,Others,start,persona_x_initial_plan,361,16217.76459270259622734517,69979.32178415894744199897,443,81.49
Watch - revenue declining,Others,start,persona_x_initial_plan,31,916.16730818246417804400,9566.49292632075810946300,443,7.0
Recovered / monitor,Others,start,persona_x_initial_plan,6,81.14498618082190273200,584.87318859248023507547,443,1.35
At-risk,Others,start,persona_x_initial_plan,14,0.00000000000000000000,2617.09281436861020708185,443,3.16
Churned proxy,Others,start,persona_x_initial_plan,31,0.00000000000000000000,981.04281237631871731621,443,7.0
At-risk,Professeur,business,persona_x_initial_plan,1,0.00000000000000000000,272.05282477824189493880,2,50.0
Churned proxy,Professeur,business,persona_x_initial_plan,1,0.00000000000000000000,100.48462416670468273000,2,50.0
Healthy revenue account,Professeur,free,persona_x_initial_plan,66,1000.98810343561409987140,4240.55311970802188912768,84,78.57
Watch - revenue declining,Professeur,free,persona_x_initial_plan,3,67.35960941808211876000,816.97436745825783651000,84,3.57
Recovered / monitor,Professeur,free,persona_x_initial_plan,2,6.86304459287668094000,11.47232029150681567300,84,2.38
At-risk,Professeur,free,persona_x_initial_plan,5,0.00000000000000000000,90.91832493335271188740,84,5.95
Churned proxy,Professeur,free,persona_x_initial_plan,8,0.00000000000000000000,57.20291132853374575812,84,9.52
Healthy revenue account,Professeur,plus,persona_x_initial_plan,10,1145.76189946520361349500,3959.66652057015495564900,13,76.92
Watch - revenue declining,Professeur,plus,persona_x_initial_plan,1,39.38049311780814019100,915.30680828602403900100,13,7.69
Recovered / monitor,Professeur,plus,persona_x_initial_plan,1,25.00321391561643835560,61.38650338488619606360,13,7.69
At-risk,Professeur,plus,persona_x_initial_plan,1,0.00000000000000000000,675.24660148986073357548,13,7.69
Healthy revenue account,Professeur,start,persona_x_initial_plan,76,2322.43616273917452057620,11805.07833438387590705742,93,81.72
Watch - revenue declining,Professeur,start,persona_x_initial_plan,12,322.25727184328703810000,2882.97550514543119220400,93,12.9
At-risk,Professeur,start,persona_x_initial_plan,2,0.00000000000000000000,69.55362136986300246410,93,2.15
Churned proxy,Professeur,start,persona_x_initial_plan,3,0.00000000000000000000,44.11308365285568480600,93,3.23
Churned proxy,Repair,business,persona_x_initial_plan,1,0.00000000000000000000,140.33490961278893600000,1,100.0
Healthy revenue account,Repair,free,persona_x_initial_plan,10,13.34336064164382099870,72.22536491468049463030,18,55.56
Watch - revenue declining,Repair,free,persona_x_initial_plan,3,36.45670110849302837400,588.09754771032316767800,18,16.67
At-risk,Repair,free,persona_x_initial_plan,1,0.00000000000000000000,38.80310145260264046200,18,5.56
Churned proxy,Repair,free,persona_x_initial_plan,4,0.00000000000000000000,185.71019882745449287413,18,22.22
Healthy revenue account,Repair,plus,persona_x_initial_plan,3,90.56432092547929701500,479.87532789956870594300,3,100.0
Healthy revenue account,Repair,start,persona_x_initial_plan,17,376.76448752493107978750,1889.16887112223282860860,20,85.0
Watch - revenue declining,Repair,start,persona_x_initial_plan,2,20.28037253589039210000,385.38984142712383279000,20,10.0
Churned proxy,Repair,start,persona_x_initial_plan,1,0.00000000000000000000,98.58692760430465077000,20,5.0
Healthy revenue account,Repair_Installation,free,persona_x_initial_plan,5,146.51694282684886143000,950.67024608968377276400,5,100.0
Healthy revenue account,Repair_Installation,plus,persona_x_initial_plan,1,238.38010772657435800000,647.39322700313933090000,1,100.0
Healthy revenue account,Repair_Installation,start,persona_x_initial_plan,5,245.14511388383509200000,1040.86185360920631306000,7,71.43
Watch - revenue declining,Repair_Installation,start,persona_x_initial_plan,1,90.19505086410925200000,778.44382939375094770000,7,14.29
At-risk,Repair_Installation,start,persona_x_initial_plan,1,0.00000000000000000000,70.82263863999996320800,7,14.29
Churned proxy,Restauration,business,persona_x_initial_plan,1,0.00000000000000000000,134.25513326594296120000,1,100.0
Healthy revenue account,Restauration,free,persona_x_initial_plan,46,915.77361754575019393204,4051.62890884365532084610,63,73.02
Watch - revenue declining,Restauration,free,persona_x_initial_plan,6,206.67598568493090618000,1512.69054802190076704300,63,9.52
At-risk,Restauration,free,persona_x_initial_plan,4,0.00000000000000000000,567.89925287661101144250,63,6.35
Churned proxy,Restauration,free,persona_x_initial_plan,7,0.00000000000000000000,19.94456976317615903520,63,11.11
Healthy revenue account,Restauration,plus,persona_x_initial_plan,26,4928.08489956860042902925,20663.56494085843227930477,33,78.79
Watch - revenue declining,Restauration,plus,persona_x_initial_plan,3,171.01455944931473490000,1391.18374395710915500900,33,9.09
Recovered / monitor,Restauration,plus,persona_x_initial_plan,2,39.99393549479452033510,286.70585884178636766520,33,6.06
Churned proxy,Restauration,plus,persona_x_initial_plan,2,0.00000000000000000000,628.03391287695334732065,33,6.06
Healthy revenue account,Restauration,start,persona_x_initial_plan,49,2089.99693336492543024492,9608.85327904843786838922,71,69.01
Watch - revenue declining,Restauration,start,persona_x_initial_plan,13,584.13925661260104976090,5869.54478551178485804050,71,18.31
Recovered / monitor,Restauration,start,persona_x_initial_plan,1,11.00463097534246575440,79.45176756024762437520,71,1.41
At-risk,Restauration,start,persona_x_initial_plan,4,0.00000000000000000000,511.75547017434403826767,71,5.63
Churned proxy,Restauration,start,persona_x_initial_plan,4,0.00000000000000000000,289.72327871036962628930,71,5.63
Healthy revenue account,Retail,business,persona_x_initial_plan,5,1275.02393363013273993000,5263.26701354029739044000,9,55.56
Watch - revenue declining,Retail,business,persona_x_initial_plan,1,0.00001104109589041096,340.36710422561359147796,9,11.11
Churned proxy,Retail,business,persona_x_initial_plan,3,0.00000000000000000000,334.36712083599108009000,9,33.33
Healthy revenue account,Retail,free,persona_x_initial_plan,262,5550.58797211450291338495,25905.51865894736944792541,331,79.15
Watch - revenue declining,Retail,free,persona_x_initial_plan,21,322.69382040328680225440,4617.20623467344631743080,331,6.34
Recovered / monitor,Retail,free,persona_x_initial_plan,7,24.32628887232870847365,402.73560206989208042764,331,2.11
At-risk,Retail,free,persona_x_initial_plan,17,0.00000000000000000000,788.16761271413824810646,331,5.14
Churned proxy,Retail,free,persona_x_initial_plan,22,0.00000000000000000000,531.11203560227987746936,331,6.65
Never monetized,Retail,free,persona_x_initial_plan,2,0.00000000000000000000,,331,0.6
Healthy revenue account,Retail,plus,persona_x_initial_plan,77,8996.03128784280567044026,38317.56964148316884131299,127,60.63
Watch - revenue declining,Retail,plus,persona_x_initial_plan,19,1047.30639466106603347030,12153.25589209347435931780,127,14.96
Recovered / monitor,Retail,plus,persona_x_initial_plan,3,131.49251217917779824000,566.67806768500950012880,127,2.36
At-risk,Retail,plus,persona_x_initial_plan,10,0.00000000000000000000,2242.38365537244513275843,127,7.87
Churned proxy,Retail,plus,persona_x_initial_plan,18,0.00000000000000000000,2086.36636729505301562495,127,14.17
Healthy revenue account,Retail,start,persona_x_initial_plan,290,15588.81929574760349024182,75566.65719283310334861876,398,72.86
Watch - revenue declining,Retail,start,persona_x_initial_plan,45,1494.89069342629763626000,17571.96744743045299793477,398,11.31
Recovered / monitor,Retail,start,persona_x_initial_plan,4,50.47148334739716850570,177.72125295248875209980,398,1.01
At-risk,Retail,start,persona_x_initial_plan,19,0.00000000000000000000,2047.50585391900145987087,398,4.77
Churned proxy,Retail,start,persona_x_initial_plan,38,0.00000000000000000000,1382.16837510042716875947,398,9.55
Never monetized,Retail,start,persona_x_initial_plan,2,0.00000000000000000000,,398,0.5
Healthy revenue account,Wholesale,business,persona_x_initial_plan,6,1258.21299917807867531320,3457.65960823565479431320,10,60.0
Watch - revenue declining,Wholesale,business,persona_x_initial_plan,2,82.58615355342465729480,958.11520011541983273220,10,20.0
At-risk,Wholesale,business,persona_x_initial_plan,2,0.00000000000000000000,1389.59062210957288415500,10,20.0
Healthy revenue account,Wholesale,free,persona_x_initial_plan,28,524.22853871945096253000,2413.20225970008761354950,36,77.78
Recovered / monitor,Wholesale,free,persona_x_initial_plan,1,5.44271918684930832000,168.35215612164378077000,36,2.78
At-risk,Wholesale,free,persona_x_initial_plan,4,0.00000000000000000000,844.83650203367506857666,36,11.11
Churned proxy,Wholesale,free,persona_x_initial_plan,3,0.00000000000000000000,174.47604644625187091130,36,8.33
Healthy revenue account,Wholesale,plus,persona_x_initial_plan,25,2315.67773614574728528199,9910.90010372639082443812,36,69.44
Watch - revenue declining,Wholesale,plus,persona_x_initial_plan,7,729.72878613040795707400,7217.17367613576947721070,36,19.44
Churned proxy,Wholesale,plus,persona_x_initial_plan,4,0.00000000000000000000,357.04411528036969120431,36,11.11
Healthy revenue account,Wholesale,start,persona_x_initial_plan,50,2749.38142876437658069670,12082.40821117011569638950,70,71.43
Watch - revenue declining,Wholesale,start,persona_x_initial_plan,11,255.24185326684886082400,7621.04170889690038841900,70,15.71
Recovered / monitor,Wholesale,start,persona_x_initial_plan,1,28.68408034191771321000,107.14742466409594651760,70,1.43
At-risk,Wholesale,start,persona_x_initial_plan,3,0.00000000000000000000,122.89280380080785729640,70,4.29
Churned proxy,Wholesale,start,persona_x_initial_plan,3,0.00000000000000000000,260.43022217673366823000,70,4.29
Never monetized,Wholesale,start,persona_x_initial_plan,2,0.00000000000000000000,,70,2.86
