persona,initial_subscription_group,segment_level,companies,active_companies,continuously_active_companies,reactivated_active_companies,active_share_pct,continuously_active_share_pct,reactivated_active_share_pct,average_current_streak_among_active,total_revenue,monthly_revenue_per_original_activated_company
ALL,business,initial_plan,196,137,137,0,69.9,69.9,0.0,4.0,24942.79402253310268458340,127.2591531761893
ALL,free,initial_plan,3594,3246,3197,49,90.32,88.95,1.36,3.96,77453.74457453542295802717,21.550847127027104
ALL,plus,initial_plan,1286,1109,1094,15,86.24,85.07,1.17,3.97,103400.83846520645186563751,80.40500658258667
ALL,start,initial_plan,4012,3676,3649,27,91.63,90.95,0.67,3.98,170886.65409616751676683051,42.593881878406656
ALL,ALL,overall,9088,8168,8077,91,89.88,88.88,1.0,3.97,376684.03115844249427507859,41.44850694965256
Automobile_Trade_Repair,ALL,persona,396,345,343,2,87.12,86.62,0.51,3.99,20980.33635753623224747377,52.980647367515736
BTP,ALL,persona,1642,1486,1474,12,90.5,89.77,0.73,3.98,93591.28159329095706021075,56.99834445389218
Bankers_Insurance,ALL,persona,133,119,117,2,89.47,87.97,1.5,3.96,5077.46971236931081539648,38.17646400277677
Bikers_Drivers,ALL,persona,563,453,444,9,80.46,78.86,1.6,3.95,19818.67291461460079907216,35.20190570979503
Cleaning_CallCenters,ALL,persona,44,42,42,0,95.45,95.45,0.0,4.0,1209.54881817095709864030,27.48974586752175
Consultant,ALL,persona,1585,1467,1457,10,92.56,91.92,0.63,3.98,61661.33522396517233558489,38.90305061448907
Developer_IT,ALL,persona,763,701,690,11,91.87,90.43,1.44,3.96,28326.46672309104579034889,37.12512021374973
Media_Publishing,ALL,persona,337,320,311,9,94.96,92.28,2.67,3.94,11218.49615838902330297818,33.2893061079793
Medical_Professionals,ALL,persona,101,97,96,1,96.04,95.05,0.99,3.97,4375.04734303780019592410,43.31730042611684
Others,ALL,persona,1441,1284,1272,12,89.1,88.27,0.83,3.98,46160.43373598066579893079,32.0336111977659
Professeur,ALL,persona,278,259,255,4,93.17,91.73,1.44,3.96,8228.14883120835381772810,29.597657666217096
Repair,ALL,persona,69,56,56,0,81.16,81.16,0.0,4.0,1216.82939782465568147440,17.635208664125443
Repair_Installation,ALL,persona,26,26,26,0,100.0,100.0,0.0,4.0,1831.97895762136454454700,70.46072913928325
Restauration,ALL,persona,246,219,215,4,89.02,87.4,1.63,3.95,12733.78450199433376998033,51.76335163412331
Retail,ALL,persona,1254,1107,1094,13,88.28,87.24,1.04,3.97,46987.82301246843117031128,37.47035327948041
Wholesale,ALL,persona,210,187,185,2,89.05,88.1,0.95,3.97,13266.37787687958984647717,63.1732279851409
Automobile_Trade_Repair,business,persona_x_initial_plan,17,14,14,0,82.35,82.35,0.0,4.0,2471.93222552273497927837,145.40777797192558
Automobile_Trade_Repair,free,persona_x_initial_plan,116,104,103,1,89.66,88.79,0.86,3.98,1667.44441411835177477606,14.3745208113651
Automobile_Trade_Repair,plus,persona_x_initial_plan,100,86,85,1,86.0,85.0,1.0,3.97,9383.39713137954890285323,93.83397131379549
Automobile_Trade_Repair,start,persona_x_initial_plan,163,141,141,0,86.5,86.5,0.0,4.0,7457.56258651559659056611,45.75191770868464
BTP,business,persona_x_initial_plan,56,44,44,0,78.57,78.57,0.0,4.0,9558.34922700874125567179,170.68480762515608
BTP,free,persona_x_initial_plan,586,535,527,8,91.3,89.93,1.37,3.96,20928.76910231146606818795,35.714623041487144
BTP,plus,persona_x_initial_plan,348,310,308,2,89.08,88.51,0.57,3.99,29841.97449579054721522757,85.75280027526019
BTP,start,persona_x_initial_plan,652,597,595,2,91.56,91.26,0.31,3.99,33262.18876818020252112344,51.01562694506166
Bankers_Insurance,free,persona_x_initial_plan,80,71,69,2,88.75,86.25,2.5,3.93,2826.18670039671036712418,35.32733375495888
Bankers_Insurance,plus,persona_x_initial_plan,6,6,6,0,100.0,100.0,0.0,4.0,567.62858217972508095000,94.60476369662085
Bankers_Insurance,start,persona_x_initial_plan,47,42,42,0,89.36,89.36,0.0,4.0,1683.65442979287536732230,35.82243467644415
Bikers_Drivers,business,persona_x_initial_plan,23,16,16,0,69.57,69.57,0.0,4.0,4943.50368981697813975360,214.9349430355208
Bikers_Drivers,free,persona_x_initial_plan,198,161,155,6,81.31,78.28,3.03,3.91,2383.38049138355767102129,12.037275209007866
Bikers_Drivers,plus,persona_x_initial_plan,102,76,75,1,74.51,73.53,0.98,3.96,4715.04461617284016503267,46.22592760953765
Bikers_Drivers,start,persona_x_initial_plan,240,200,198,2,83.33,82.5,0.83,3.98,7776.74411724122482326460,32.4031004885051
Cleaning_CallCenters,business,persona_x_initial_plan,1,1,1,0,100.0,100.0,0.0,4.0,86.15583082356164120000,86.15583082356164
Cleaning_CallCenters,free,persona_x_initial_plan,19,19,19,0,100.0,100.0,0.0,4.0,99.74462900328756225730,5.249717315962503
Cleaning_CallCenters,plus,persona_x_initial_plan,9,8,8,0,88.89,88.89,0.0,4.0,648.24798839671140932300,72.02755426630127
Cleaning_CallCenters,start,persona_x_initial_plan,15,14,14,0,93.33,93.33,0.0,4.0,375.40036994739648586000,25.02669132982643
Consultant,business,persona_x_initial_plan,16,10,10,0,62.5,62.5,0.0,4.0,1055.08994162849201442490,65.94312135178075
Consultant,free,persona_x_initial_plan,712,652,646,6,91.57,90.73,0.84,3.98,14788.35176242807668459104,20.770156969702356
Consultant,plus,persona_x_initial_plan,122,107,107,0,87.7,87.7,0.0,4.0,11149.44596279484006549211,91.38890133438393
Consultant,start,persona_x_initial_plan,735,698,694,4,94.97,94.42,0.54,3.99,34668.44755711376357107684,47.16795586001873
Developer_IT,business,persona_x_initial_plan,9,8,8,0,88.89,88.89,0.0,4.0,648.00151988054756878674,72.0001688756164
Developer_IT,free,persona_x_initial_plan,328,293,288,5,89.33,87.8,1.52,3.95,9142.08832816026287394212,27.872220512683732
Developer_IT,plus,persona_x_initial_plan,62,52,52,0,83.87,83.87,0.0,4.0,3975.21797318175913161670,64.11641892228644
Developer_IT,start,persona_x_initial_plan,364,348,342,6,95.6,93.96,1.65,3.95,14561.15890186847621600333,40.003183796341965
Media_Publishing,business,persona_x_initial_plan,2,2,2,0,100.0,100.0,0.0,4.0,163.46712144931469570000,81.73356072465735
Media_Publishing,free,persona_x_initial_plan,158,149,145,4,94.3,91.77,2.53,3.93,1741.67154623342067598569,11.023237634388739
Media_Publishing,plus,persona_x_initial_plan,22,21,19,2,95.45,86.36,9.09,3.86,2525.81176603999593880950,114.80962572909071
Media_Publishing,start,persona_x_initial_plan,155,148,145,3,95.48,93.55,1.94,3.96,6787.54572466629199248299,43.7906175784922
Medical_Professionals,free,persona_x_initial_plan,38,37,36,1,97.37,94.74,2.63,3.92,988.69263071780784401000,26.018227124152837
Medical_Professionals,plus,persona_x_initial_plan,7,7,7,0,100.0,100.0,0.0,4.0,1506.20980101095416710000,215.17282871585059
Medical_Professionals,start,persona_x_initial_plan,56,53,53,0,94.64,94.64,0.0,4.0,1880.14491130903818481410,33.57401627337568
Others,business,persona_x_initial_plan,41,21,21,0,51.22,51.22,0.0,4.0,2321.87614555835375757000,56.63112550142327
Others,free,persona_x_initial_plan,558,509,505,4,91.22,90.5,0.72,3.98,9159.23029097594064530380,16.414391202465843
Others,plus,persona_x_initial_plan,214,183,180,3,85.51,84.11,1.4,3.96,13043.93634821869928172467,60.95297358980701
Others,start,persona_x_initial_plan,628,571,566,5,90.92,90.13,0.8,3.98,21635.39095122767211433232,34.45125947647718
Professeur,business,persona_x_initial_plan,3,1,1,0,33.33,33.33,0.0,4.0,386.56035274027292340000,128.85345091342433
Professeur,free,persona_x_initial_plan,124,113,110,3,91.13,88.71,2.42,3.93,1690.73141185424308611540,13.634930740760025
Professeur,plus,persona_x_initial_plan,16,16,15,1,100.0,93.75,6.25,3.88,1827.62617884492652829900,114.2266361778079
Professeur,start,persona_x_initial_plan,135,129,129,0,95.56,95.56,0.0,4.0,4323.23088776891127991370,32.023932501991936
Repair,business,persona_x_initial_plan,1,0,0,0,0.0,0.0,0.0,,0.00000000000000000000,0.0
Repair,free,persona_x_initial_plan,33,25,25,0,75.76,75.76,0.0,4.0,293.36819055451978351080,8.889945168318782
Repair,plus,persona_x_initial_plan,6,5,5,0,83.33,83.33,0.0,4.0,126.63408378849306111410,21.10568063141551
Repair,start,persona_x_initial_plan,29,26,26,0,89.66,89.66,0.0,4.0,796.82712348164283684950,27.47679736143596
Repair_Installation,free,persona_x_initial_plan,8,8,8,0,100.0,100.0,0.0,4.0,402.37365209260126085800,50.29670651157516
Repair_Installation,plus,persona_x_initial_plan,4,4,4,0,100.0,100.0,0.0,4.0,582.30819588547708420000,145.57704897136927
Repair_Installation,start,persona_x_initial_plan,14,14,14,0,100.0,100.0,0.0,4.0,847.29710964328619948900,60.52122211737758
Restauration,business,persona_x_initial_plan,2,1,1,0,50.0,50.0,0.0,4.0,81.78706673863012792000,40.893533369315065
Restauration,free,persona_x_initial_plan,91,80,79,1,87.91,86.81,1.1,3.96,1983.57704251670562119518,21.797549917765995
Restauration,plus,persona_x_initial_plan,48,43,42,1,89.58,87.5,2.08,3.95,5669.12123368750336001565,118.10669236848965
Restauration,start,persona_x_initial_plan,105,95,93,2,90.48,88.57,1.9,3.94,4999.29915905149466084950,47.61237294334757
Retail,business,persona_x_initial_plan,14,9,9,0,64.29,64.29,0.0,4.0,1558.14676354629808892700,111.29619739616416
Retail,free,persona_x_initial_plan,490,441,434,7,90.0,88.57,1.43,3.96,8164.45260490682843805556,16.662148173279242
Retail,plus,persona_x_initial_plan,173,144,140,4,83.24,80.92,2.31,3.94,12534.26196372962444233531,72.45238129323482
Retail,start,persona_x_initial_plan,577,513,511,2,88.91,88.56,0.35,3.99,24730.96168028568020099341,42.86128540777414
Wholesale,business,persona_x_initial_plan,11,10,10,0,90.91,90.91,0.0,4.0,1667.92413781917749195100,151.62946707447068
Wholesale,free,persona_x_initial_plan,55,49,48,1,89.09,87.27,1.82,3.94,1193.68177688164260109280,21.703305034211684
Wholesale,plus,persona_x_initial_plan,47,41,41,0,87.23,87.23,0.0,4.0,5303.97214410480603154400,112.85047115116609
Wholesale,start,persona_x_initial_plan,97,87,86,1,89.69,88.66,1.03,3.97,5100.79981807396372188937,52.58556513478314
