account_health_state,persona,initial_subscription_group,segment_level,companies,cutoff_month_revenue,cumulative_revenue,last_observed_month_revenue,segment_company_share_pct
Healthy / stable,ALL,business,initial_plan,65,13784.83180266242772678162,54851.79348025275576928706,13784.83180266242772678162,18.57
Declining - low exposure,ALL,business,initial_plan,1,11.00109339397260274000,217.97867691614993323130,11.00109339397260274000,0.29
Material Watch,ALL,business,initial_plan,15,2772.59817980382675308076,21871.47879043609231007766,2772.59817980382675308076,4.29
Recovered / monitor,ALL,business,initial_plan,1,24.39047084821917117000,39.26309749698623749000,24.39047084821917117000,0.29
Insufficient history,ALL,business,initial_plan,180,26718.86215550184430967581,60203.68805617410554910834,26718.86215550184430967581,51.43
At-risk,ALL,business,initial_plan,35,0.00000000000000000000,11576.99321349319264319520,3363.07798615780303466550,10.0
Churned proxy,ALL,business,initial_plan,51,0.00000000000000000000,10639.32975269808088474888,7478.26096236997051372680,14.57
Never monetized,ALL,business,initial_plan,2,0.00000000000000000000,,,0.57
Healthy / stable,ALL,free,initial_plan,1595,49008.63811466784493908306,216340.15147891252154480522,49008.63811466784493908306,22.36
Declining - low exposure,ALL,free,initial_plan,327,645.24411259616319756166,13250.91430477014872026976,645.24411259616319756166,4.58
Material Watch,ALL,free,initial_plan,186,5138.21298480985522758791,67642.49306565858774606495,5138.21298480985522758791,2.61
Recovered / monitor,ALL,free,initial_plan,70,393.32345415616339591460,2956.21099405585009564977,393.32345415616339591460,0.98
Insufficient history,ALL,free,initial_plan,4347,83454.25686189735570004895,191174.55385444345312709740,83454.25686189735570004895,60.95
At-risk,ALL,free,initial_plan,354,0.00000000000000000000,10665.56650635636969070400,2969.51680887890005817347,4.96
Churned proxy,ALL,free,initial_plan,228,0.00000000000000000000,9248.25936523060619500091,4155.18336873046751144138,3.2
Never monetized,ALL,free,initial_plan,25,0.00000000000000000000,,,0.35
Healthy / stable,ALL,plus,initial_plan,591,58949.05218766771031827266,259772.93104296655455593871,58949.05218766771031827266,25.93
Declining - low exposure,ALL,plus,initial_plan,4,12.21587252164383480940,405.96872154326200528480,12.21587252164383480940,0.18
Material Watch,ALL,plus,initial_plan,142,9703.59176375060500668842,107077.74634817958618580082,9703.59176375060500668842,6.23
Recovered / monitor,ALL,plus,initial_plan,26,908.04877437534164030958,4215.39176994949660112524,908.04877437534164030958,1.14
Insufficient history,ALL,plus,initial_plan,1264,99238.42884212377447764013,234987.81078427484530948428,99238.42884212377447764013,55.46
At-risk,ALL,plus,initial_plan,120,0.00000000000000000000,15529.99036199582239934008,5761.76374149313480219482,5.27
Churned proxy,ALL,plus,initial_plan,124,0.00000000000000000000,12201.14871792085613866949,4927.83029402761427117642,5.44
Never monetized,ALL,plus,initial_plan,8,0.00000000000000000000,,,0.35
Healthy / stable,ALL,start,initial_plan,2066,109406.20997181074053254719,473828.87139011870022373757,109406.20997181074053254719,26.26
Declining - low exposure,ALL,start,initial_plan,86,880.35461004109568641993,9034.44403003771057338815,880.35461004109568641993,1.09
Material Watch,ALL,start,initial_plan,330,14030.98761547886872549353,152494.29823682164254359620,14030.98761547886872549353,4.2
Recovered / monitor,ALL,start,initial_plan,50,777.12918635617686268591,2987.88197137651783167816,777.12918635617686268591,0.64
Insufficient history,ALL,start,initial_plan,4784,162220.22352931740327871119,374877.41334203548945326973,162220.22352931740327871119,60.82
At-risk,ALL,start,initial_plan,301,0.00000000000000000000,21596.12401050511838622153,5877.30298637313903155968,3.83
Churned proxy,ALL,start,initial_plan,225,0.00000000000000000000,11142.87424496221811409342,3560.95321877588327091095,2.86
Never monetized,ALL,start,initial_plan,24,0.00000000000000000000,,,0.31
Healthy / stable,ALL,ALL,overall,4317,231148.73207680872351668453,1004793.74739225053209376856,231148.73207680872351668453,24.49
Declining - low exposure,ALL,ALL,overall,418,1548.81568855287532153099,22909.30573326727123217401,1548.81568855287532153099,2.37
Material Watch,ALL,ALL,overall,673,31645.39054384315571285062,349086.01644109590878553963,31645.39054384315571285062,3.82
Recovered / monitor,ALL,ALL,overall,147,2102.89188573590107008009,10198.74783287885076594317,2102.89188573590107008009,0.83
Insufficient history,ALL,ALL,overall,10575,371631.77138884037776607608,861243.46603692789343895975,371631.77138884037776607608,59.99
At-risk,ALL,ALL,overall,810,0.00000000000000000000,59368.67409235050311946081,17971.66152290297692659347,4.6
Churned proxy,ALL,ALL,overall,628,0.00000000000000000000,43231.61208081176133251270,20122.22784390393556725555,3.56
Never monetized,ALL,ALL,overall,59,0.00000000000000000000,,,0.33
Healthy / stable,Automobile_Trade_Repair,ALL,persona,155,11156.05442041703034620369,44973.48474673848396752218,11156.05442041703034620369,20.97
Declining - low exposure,Automobile_Trade_Repair,ALL,persona,14,65.86525786739725076630,796.05765158714208234200,65.86525786739725076630,1.89
Material Watch,Automobile_Trade_Repair,ALL,persona,45,1566.14273374629848857505,23925.82577179116125785542,1566.14273374629848857505,6.09
Recovered / monitor,Automobile_Trade_Repair,ALL,persona,2,50.03139189041095889910,240.98739911981735866916,50.03139189041095889910,0.27
Insufficient history,Automobile_Trade_Repair,ALL,persona,441,19525.62071615626948889647,50877.88531579449281805380,19525.62071615626948889647,59.68
At-risk,Automobile_Trade_Repair,ALL,persona,45,0.00000000000000000000,2508.56827704378190511789,1147.07819209698271376519,6.09
Churned proxy,Automobile_Trade_Repair,ALL,persona,34,0.00000000000000000000,5130.86487783252986680376,966.41019339767343282770,4.6
Never monetized,Automobile_Trade_Repair,ALL,persona,3,0.00000000000000000000,,,0.41
Healthy / stable,BTP,ALL,persona,744,52247.70992855323376099900,224509.81534362583906979511,52247.70992855323376099900,23.69
Declining - low exposure,BTP,ALL,persona,74,290.25519639616424652236,4407.68635138448358266742,290.25519639616424652236,2.36
Material Watch,BTP,ALL,persona,179,10700.35565051394472236653,123557.98488227944835386547,10700.35565051394472236653,5.7
Recovered / monitor,BTP,ALL,persona,20,337.35353039013642453280,1619.40109566199482177290,337.35353039013642453280,0.64
Insufficient history,BTP,ALL,persona,1878,89928.80057043930971349867,219040.51230540750812003283,89928.80057043930971349867,59.79
At-risk,BTP,ALL,persona,129,0.00000000000000000000,15459.68032455356956155109,4010.33371913916930265074,4.11
Churned proxy,BTP,ALL,persona,109,0.00000000000000000000,8979.06255488742313603011,3381.64285241006761046025,3.47
Never monetized,BTP,ALL,persona,8,0.00000000000000000000,,,0.25
Healthy / stable,Bankers_Insurance,ALL,persona,56,2201.56267734410711277300,10468.52712136938550539465,2201.56267734410711277300,20.29
Declining - low exposure,Bankers_Insurance,ALL,persona,9,55.44154419178080141300,1017.05806059189531869900,55.44154419178080141300,3.26
Material Watch,Bankers_Insurance,ALL,persona,8,466.34471237424622346600,6854.61794724043960163300,466.34471237424622346600,2.9
Recovered / monitor,Bankers_Insurance,ALL,persona,4,12.04796459178082287000,111.15771701780679388700,12.04796459178082287000,1.45
Insufficient history,Bankers_Insurance,ALL,persona,180,8696.37303186329447690868,21777.13443530661586254195,8696.37303186329447690868,65.22
At-risk,Bankers_Insurance,ALL,persona,7,0.00000000000000000000,106.25968944931504503420,39.14624884657532604820,2.54
Churned proxy,Bankers_Insurance,ALL,persona,10,0.00000000000000000000,611.09223620066593173210,314.97323319111223944167,3.62
Never monetized,Bankers_Insurance,ALL,persona,2,0.00000000000000000000,,,0.72
Healthy / stable,Bikers_Drivers,ALL,persona,232,9800.89490379850760897681,40891.38634228566452548620,9800.89490379850760897681,22.12
Declining - low exposure,Bikers_Drivers,ALL,persona,24,57.01228528712322257633,926.74614194156221228603,57.01228528712322257633,2.29
Material Watch,Bikers_Drivers,ALL,persona,39,1980.06833618629680258940,17182.64752776737243420144,1980.06833618629680258940,3.72
Recovered / monitor,Bikers_Drivers,ALL,persona,14,233.72036824054732127548,1190.41540904099120161161,233.72036824054732127548,1.33
Insufficient history,Bikers_Drivers,ALL,persona,572,18810.48726163737114339185,42791.90938791882737766935,18810.48726163737114339185,54.53
At-risk,Bikers_Drivers,ALL,persona,73,0.00000000000000000000,5939.21017061756485506305,1479.31152406301161038288,6.96
Churned proxy,Bikers_Drivers,ALL,persona,89,0.00000000000000000000,6936.75583114997612651460,3180.38771060274756510250,8.48
Never monetized,Bikers_Drivers,ALL,persona,6,0.00000000000000000000,,,0.57
Healthy / stable,Cleaning_CallCenters,ALL,persona,23,765.14726142903976149668,4414.86840334304664352338,765.14726142903976149668,24.21
Declining - low exposure,Cleaning_CallCenters,ALL,persona,3,3.67167188383561589000,77.32978343850297441302,3.67167188383561589000,3.16
Material Watch,Cleaning_CallCenters,ALL,persona,4,37.37415931287666954000,1956.78071841345729741000,37.37415931287666954000,4.21
Insufficient history,Cleaning_CallCenters,ALL,persona,59,1570.18246969424307041267,3045.82547001259730975510,1570.18246969424307041267,62.11
At-risk,Cleaning_CallCenters,ALL,persona,4,0.00000000000000000000,410.29734089530980848505,50.23136946465734107865,4.21
Churned proxy,Cleaning_CallCenters,ALL,persona,1,0.00000000000000000000,40.52804180463955143000,40.52804180463955143000,1.05
Never monetized,Cleaning_CallCenters,ALL,persona,1,0.00000000000000000000,,,1.05
Healthy / stable,Consultant,ALL,persona,806,40827.75545487985170467108,180616.29263438230139136346,40827.75545487985170467108,26.22
Declining - low exposure,Consultant,ALL,persona,76,238.51071911397232012614,3369.98061352730878904231,238.51071911397232012614,2.47
Material Watch,Consultant,ALL,persona,97,5721.56149021955916080520,51969.87999235549607804659,5721.56149021955916080520,3.16
Recovered / monitor,Consultant,ALL,persona,22,148.64360740219125545940,802.27499831046878404463,148.64360740219125545940,0.72
Insufficient history,Consultant,ALL,persona,1865,60175.28947703356242529188,137221.51144999151711795950,60175.28947703356242529188,60.67
At-risk,Consultant,ALL,persona,125,0.00000000000000000000,7222.71619906086852593422,2317.88706773972080544626,4.07
Churned proxy,Consultant,ALL,persona,74,0.00000000000000000000,3535.07428536621553136266,1894.83100543980389772691,2.41
Never monetized,Consultant,ALL,persona,9,0.00000000000000000000,,,0.29
Healthy / stable,Developer_IT,ALL,persona,408,21238.72990747838705549273,92672.24290334268991768348,21238.72990747838705549273,28.43
Declining - low exposure,Developer_IT,ALL,persona,34,152.21842014849308794357,1835.76631852280761105387,152.21842014849308794357,2.37
Material Watch,Developer_IT,ALL,persona,49,1591.84898596547725334050,14654.16686115355613986426,1591.84898596547725334050,3.41
Recovered / monitor,Developer_IT,ALL,persona,17,261.87900361152030024457,1170.48169433833354259317,261.87900361152030024457,1.18
Insufficient history,Developer_IT,ALL,persona,828,31507.10934212032578771991,68184.92467329445279847163,31507.10934212032578771991,57.7
At-risk,Developer_IT,ALL,persona,52,0.00000000000000000000,3478.96854791706353214713,1108.27163396547877469693,3.62
Churned proxy,Developer_IT,ALL,persona,41,0.00000000000000000000,2857.68636841154598042340,2090.54238964352307778246,2.86
Never monetized,Developer_IT,ALL,persona,6,0.00000000000000000000,,,0.42
Healthy / stable,Media_Publishing,ALL,persona,170,7900.18397715176834695225,34958.34549319045742065863,7900.18397715176834695225,26.28
Declining - low exposure,Media_Publishing,ALL,persona,24,86.05553641041088902180,1542.43939024286226921046,86.05553641041088902180,3.71
Material Watch,Media_Publishing,ALL,persona,13,602.66502511013583012698,6320.66509633532690191098,602.66502511013583012698,2.01
Recovered / monitor,Media_Publishing,ALL,persona,12,341.37824503616417106530,1082.32329570155412362370,341.37824503616417106530,1.85
Insufficient history,Media_Publishing,ALL,persona,394,11953.38951638396408005041,26987.24850263596739207376,11953.38951638396408005041,60.9
At-risk,Media_Publishing,ALL,persona,24,0.00000000000000000000,913.91984779820272400689,216.66338907671213465761,3.71
Churned proxy,Media_Publishing,ALL,persona,9,0.00000000000000000000,272.51550164857673415691,213.96641366665892189731,1.39
Never monetized,Media_Publishing,ALL,persona,1,0.00000000000000000000,,,0.15
Healthy / stable,Medical_Professionals,ALL,persona,60,2749.93454933424241023950,11165.75193449940346353247,2749.93454933424241023950,26.91
Declining - low exposure,Medical_Professionals,ALL,persona,3,37.69324123013697634000,422.17876419576063561200,37.69324123013697634000,1.35
Material Watch,Medical_Professionals,ALL,persona,4,304.19380476602647925000,3678.11662021041910219000,304.19380476602647925000,1.79
Recovered / monitor,Medical_Professionals,ALL,persona,1,1.62223223342465790000,5.09527998465753503000,1.62223223342465790000,0.45
Insufficient history,Medical_Professionals,ALL,persona,145,3645.10327100688373086000,7045.88578760191980785437,3645.10327100688373086000,65.02
At-risk,Medical_Professionals,ALL,persona,6,0.00000000000000000000,29.76037435200539345114,9.27138507123287493014,2.69
Churned proxy,Medical_Professionals,ALL,persona,3,0.00000000000000000000,51.28531715071163361000,24.80921698630136975000,1.35
Never monetized,Medical_Professionals,ALL,persona,1,0.00000000000000000000,,,0.45
Healthy / stable,Others,ALL,persona,711,30868.87817604881010011189,132985.41203564120454797229,30868.87817604881010011189,24.23
Declining - low exposure,Others,ALL,persona,52,182.25349460602710550046,3324.96040797972377441704,182.25349460602710550046,1.77
Material Watch,Others,ALL,persona,85,3204.62863253134958483660,33365.59678306644885806374,3204.62863253134958483660,2.9
Recovered / monitor,Others,ALL,persona,22,292.05988549095862075208,1767.13917872116287489705,292.05988549095862075208,0.75
Insufficient history,Others,ALL,persona,1808,50186.98836023052923683267,106492.04765567391045968544,50186.98836023052923683267,61.62
At-risk,Others,ALL,persona,144,0.00000000000000000000,10075.24135668562764532476,2708.90083739889964010093,4.91
Churned proxy,Others,ALL,persona,107,0.00000000000000000000,7536.18910492780830233270,4622.97962176234508792784,3.65
Never monetized,Others,ALL,persona,5,0.00000000000000000000,,,0.17
Healthy / stable,Professeur,ALL,persona,140,4446.52472939341689774130,19643.48807881963946510340,4446.52472939341689774130,25.74
Declining - low exposure,Professeur,ALL,persona,12,22.66143624657533620130,361.80989584241328673070,22.66143624657533620130,2.21
Material Watch,Professeur,ALL,persona,16,428.99737437917729705100,4615.25668088971306771500,428.99737437917729705100,2.94
Recovered / monitor,Professeur,ALL,persona,3,31.86625850849311929560,72.85882367639301173660,31.86625850849311929560,0.55
Insufficient history,Professeur,ALL,persona,337,7257.94584357161760128002,18171.87216136753126980387,7257.94584357161760128002,61.95
At-risk,Professeur,ALL,persona,20,0.00000000000000000000,1163.15519740967447160548,796.69553650301137427420,3.68
Churned proxy,Professeur,ALL,persona,15,0.00000000000000000000,203.74762912069684791862,137.61144592808375056302,2.76
Never monetized,Professeur,ALL,persona,1,0.00000000000000000000,,,0.18
Healthy / stable,Repair,ALL,persona,26,464.27404714356105025320,2274.83231345133723269990,464.27404714356105025320,21.67
Declining - low exposure,Repair,ALL,persona,4,16.39812194849314754800,166.43725048514479648200,16.39812194849314754800,3.33
Material Watch,Repair,ALL,persona,5,56.73707364438342047400,973.48738913744700046800,56.73707364438342047400,4.17
Recovered / monitor,Repair,ALL,persona,1,4.00029823561643835614,4.00029823561643835614,4.00029823561643835614,0.83
Insufficient history,Repair,ALL,persona,68,1481.37762920076262783820,3418.32316977595133017760,1481.37762920076262783820,56.67
At-risk,Repair,ALL,persona,7,0.00000000000000000000,112.21243283999989841330,70.91966029369862453400,5.83
Churned proxy,Repair,ALL,persona,8,0.00000000000000000000,428.27202934701381406893,175.69764056018612883893,6.67
Never monetized,Repair,ALL,persona,1,0.00000000000000000000,,,0.83
Healthy / stable,Repair_Installation,ALL,persona,11,630.04216443725831143000,2638.92532670202941672400,630.04216443725831143000,28.95
Material Watch,Repair_Installation,ALL,persona,1,90.19505086410925200000,778.44382939375094770000,90.19505086410925200000,2.63
Insufficient history,Repair_Installation,ALL,persona,25,1247.89207048806498265200,3362.04793313277167693270,1247.89207048806498265200,65.79
At-risk,Repair_Installation,ALL,persona,1,0.00000000000000000000,70.82263863999996320800,11.01212328767123287800,2.63
Healthy / stable,Restauration,ALL,persona,109,7898.87154761242682185001,34069.96660688489340275169,7898.87154761242682185001,23.14
Declining - low exposure,Restauration,ALL,persona,12,34.98390286684923135620,254.08052186563206578840,34.98390286684923135620,2.55
Material Watch,Restauration,ALL,persona,22,961.82980174684669084090,8773.41907749079478009250,961.82980174684669084090,4.67
Recovered / monitor,Restauration,ALL,persona,4,51.15984975780821895950,366.41157160751344410640,51.15984975780821895950,0.85
Insufficient history,Restauration,ALL,persona,284,13483.34608761860508816130,29630.84900061700329555462,13483.34608761860508816130,60.3
At-risk,Restauration,ALL,persona,21,0.00000000000000000000,1347.58604226794085109443,219.66744707835599824303,4.46
Churned proxy,Restauration,ALL,persona,17,0.00000000000000000000,1075.79207300548318351715,709.73019335033217001725,3.61
Never monetized,Restauration,ALL,persona,2,0.00000000000000000000,,,0.42
Healthy / stable,Retail,ALL,persona,570,31178.04392118655200656950,141610.21760561746884162640,31178.04392118655200656950,23.69
Declining - low exposure,Retail,ALL,persona,64,232.41856814849280742753,3442.79490118647018667076,232.41856814849280742753,2.66
Material Watch,Retail,ALL,persona,86,2864.89091953174636239566,34682.79667842298726616133,2864.89091953174636239566,3.57
Recovered / monitor,Retail,ALL,persona,23,303.00245081808173894012,1490.70149067680110832721,303.00245081808173894012,0.96
Insufficient history,Retail,ALL,persona,1422,40305.68218886202546807076,98210.65258478662790234964,40305.68218886202546807076,59.1
At-risk,Retail,ALL,persona,133,0.00000000000000000000,7793.23945189360634313352,3209.64068962464937447221,5.53
Churned proxy,Retail,ALL,persona,98,0.00000000000000000000,4754.26730791648933050773,2226.05937823772113411668,4.07
Never monetized,Retail,ALL,persona,10,0.00000000000000000000,,,0.42
Healthy / stable,Wholesale,ALL,persona,96,6774.12441060053022092389,26900.19050235668728193132,6774.12441060053022092389,22.07
Declining - low exposure,Wholesale,ALL,persona,13,73.37629220712328289800,963.97968047556164675900,73.37629220712328289800,2.99
Material Watch,Wholesale,ALL,persona,20,1067.55679295068147519280,15796.33058514808969836190,1067.55679295068147519280,4.6
Recovered / monitor,Wholesale,ALL,persona,2,34.12679952876702153000,275.49958078573972728760,34.12679952876702153000,0.46
Insufficient history,Wholesale,ALL,persona,269,11856.18355253354884421059,24984.83620361019890004359,11856.18355253354884421059,61.84
At-risk,Wholesale,ALL,persona,19,0.00000000000000000000,2737.03620092597259589066,576.63069925314979843450,4.37
Churned proxy,Wholesale,ALL,persona,13,0.00000000000000000000,818.47892204198536210403,142.05850692273962937303,2.99
Never monetized,Wholesale,ALL,persona,3,0.00000000000000000000,,,0.69
Healthy / stable,Automobile_Trade_Repair,business,persona_x_initial_plan,9,2051.09219086684261875983,8908.31996900198571025671,2051.09219086684261875983,34.62
Material Watch,Automobile_Trade_Repair,business,persona_x_initial_plan,2,163.83111631671231396900,1887.53237348681147679900,163.83111631671231396900,7.69
Insufficient history,Automobile_Trade_Repair,business,persona_x_initial_plan,12,1960.38452711232194448730,6179.85358454902447788930,1960.38452711232194448730,46.15
Churned proxy,Automobile_Trade_Repair,business,persona_x_initial_plan,3,0.00000000000000000000,535.51671764008849033400,179.06338255584477233400,11.54
Healthy / stable,Automobile_Trade_Repair,free,persona_x_initial_plan,35,925.68543637557224270202,3334.63338587570460514386,925.68543637557224270202,17.24
Declining - low exposure,Automobile_Trade_Repair,free,persona_x_initial_plan,10,15.38744912438355857330,347.04035852462095682800,15.38744912438355857330,4.93
Material Watch,Automobile_Trade_Repair,free,persona_x_initial_plan,12,139.09510356219118284951,2680.65846766624151591588,139.09510356219118284951,5.91
Insufficient history,Automobile_Trade_Repair,free,persona_x_initial_plan,121,1522.35276791068108524601,4035.37314759067663529497,1522.35276791068108524601,59.61
At-risk,Automobile_Trade_Repair,free,persona_x_initial_plan,17,0.00000000000000000000,530.19414706849311882687,90.59046765041074898397,8.37
Churned proxy,Automobile_Trade_Repair,free,persona_x_initial_plan,7,0.00000000000000000000,850.83088384491046025996,144.56940464811986904290,3.45
Never monetized,Automobile_Trade_Repair,free,persona_x_initial_plan,1,0.00000000000000000000,,,0.49
Healthy / stable,Automobile_Trade_Repair,plus,persona_x_initial_plan,42,4166.43581872148013858897,19006.29681621704419427762,4166.43581872148013858897,26.09
Material Watch,Automobile_Trade_Repair,plus,persona_x_initial_plan,10,628.79640521917724489144,8972.89271247502237068974,628.79640521917724489144,6.21
Recovered / monitor,Automobile_Trade_Repair,plus,persona_x_initial_plan,2,50.03139189041095889910,240.98739911981735866916,50.03139189041095889910,1.24
Insufficient history,Automobile_Trade_Repair,plus,persona_x_initial_plan,92,7619.07552882393424399390,21039.14550375433736866340,7619.07552882393424399390,57.14
At-risk,Automobile_Trade_Repair,plus,persona_x_initial_plan,7,0.00000000000000000000,663.77566515429269852950,262.96750242630076852500,4.35
Churned proxy,Automobile_Trade_Repair,plus,persona_x_initial_plan,8,0.00000000000000000000,1176.48517675271056334750,276.46380886439449502840,4.97
Healthy / stable,Automobile_Trade_Repair,start,persona_x_initial_plan,69,4012.84097445313534615287,13724.23457564374945784399,4012.84097445313534615287,19.77
Declining - low exposure,Automobile_Trade_Repair,start,persona_x_initial_plan,4,50.47780874301369219300,449.01729306252112551400,50.47780874301369219300,1.15
Material Watch,Automobile_Trade_Repair,start,persona_x_initial_plan,21,634.42010864821774686510,10384.74221816308589445080,634.42010864821774686510,6.02
Insufficient history,Automobile_Trade_Repair,start,persona_x_initial_plan,216,8423.80789230933221516926,19623.51307990045433620613,8423.80789230933221516926,61.89
At-risk,Automobile_Trade_Repair,start,persona_x_initial_plan,21,0.00000000000000000000,1314.59846482099608776152,793.52022202027119625622,6.02
Churned proxy,Automobile_Trade_Repair,start,persona_x_initial_plan,16,0.00000000000000000000,2568.03209959482035286230,366.31359732931429642240,4.58
Never monetized,Automobile_Trade_Repair,start,persona_x_initial_plan,2,0.00000000000000000000,,,0.57
Healthy / stable,BTP,business,persona_x_initial_plan,20,4588.68774631834215894270,18507.87739872039345313930,4588.68774631834215894270,19.23
Declining - low exposure,BTP,business,persona_x_initial_plan,1,11.00109339397260274000,217.97867691614993323130,11.00109339397260274000,0.96
Material Watch,BTP,business,persona_x_initial_plan,4,1188.37165873533739570000,9956.70396812207490969000,1188.37165873533739570000,3.85
Insufficient history,BTP,business,persona_x_initial_plan,61,12786.19867247392780080921,27530.16971531882328740800,12786.19867247392780080921,58.65
At-risk,BTP,business,persona_x_initial_plan,5,0.00000000000000000000,4983.31609088818028860279,968.66039222684726621279,4.81
Churned proxy,BTP,business,persona_x_initial_plan,13,0.00000000000000000000,2741.61224923249759797670,1524.03367713744402150800,12.5
Healthy / stable,BTP,free,persona_x_initial_plan,254,12426.05681186469573488590,55564.94905921772797025876,12426.05681186469573488590,21.56
Declining - low exposure,BTP,free,persona_x_initial_plan,56,98.76155961643825577872,1855.20291348314434289329,98.76155961643825577872,4.75
Material Watch,BTP,free,persona_x_initial_plan,40,1929.97123528547732937700,26082.09374373560628338764,1929.97123528547732937700,3.4
Recovered / monitor,BTP,free,persona_x_initial_plan,10,44.06405459999995991060,343.73523838410917679040,44.06405459999995991060,0.85
Insufficient history,BTP,free,persona_x_initial_plan,729,20582.41221795270681078371,52343.94387127454472400537,20582.41221795270681078371,61.88
At-risk,BTP,free,persona_x_initial_plan,49,0.00000000000000000000,1583.70141398545159009703,563.96925936931446447473,4.16
Churned proxy,BTP,free,persona_x_initial_plan,34,0.00000000000000000000,2104.17636338042766399404,634.14746146837413565894,2.89
Never monetized,BTP,free,persona_x_initial_plan,6,0.00000000000000000000,,,0.51
Healthy / stable,BTP,plus,persona_x_initial_plan,156,14187.71539376622904996729,64966.75359121677867456297,14187.71539376622904996729,25.7
Declining - low exposure,BTP,plus,persona_x_initial_plan,1,4.00149099178082191760,73.18006423944736466010,4.00149099178082191760,0.16
Material Watch,BTP,plus,persona_x_initial_plan,55,3947.71120713259151973930,44385.98432273064594126780,3947.71120713259151973930,9.06
Recovered / monitor,BTP,plus,persona_x_initial_plan,8,271.28497988219125914220,1231.63862907788564498110,271.28497988219125914220,1.32
Insufficient history,BTP,plus,persona_x_initial_plan,334,26689.42308397068368809403,67924.01330140973061604954,26689.42308397068368809403,55.02
At-risk,BTP,plus,persona_x_initial_plan,27,0.00000000000000000000,3823.98222112471143343622,1493.86787528711914840122,4.45
Churned proxy,BTP,plus,persona_x_initial_plan,26,0.00000000000000000000,1525.43627310142035676643,718.15483612447417522717,4.28
Healthy / stable,BTP,start,persona_x_initial_plan,314,21045.24997660396681720311,85470.23529447093897183408,21045.24997660396681720311,25.08
Declining - low exposure,BTP,start,persona_x_initial_plan,16,176.49105239397256608604,2261.32469674574194188273,176.49105239397256608604,1.28
Material Watch,BTP,start,persona_x_initial_plan,80,3634.30154936053847755023,43133.20284769112121952003,3634.30154936053847755023,6.39
Recovered / monitor,BTP,start,persona_x_initial_plan,2,22.00449590794520548000,44.02722820000000000140,22.00449590794520548000,0.16
Insufficient history,BTP,start,persona_x_initial_plan,754,29870.76659604199141381172,71242.38541740440949256992,29870.76659604199141381172,60.22
At-risk,BTP,start,persona_x_initial_plan,48,0.00000000000000000000,5068.68059855522624941505,983.83619225588842356200,3.83
Churned proxy,BTP,start,persona_x_initial_plan,36,0.00000000000000000000,2607.83766917307751729294,505.30687767977527806614,2.88
Never monetized,BTP,start,persona_x_initial_plan,2,0.00000000000000000000,,,0.16
Insufficient history,Bankers_Insurance,business,persona_x_initial_plan,1,80.09512865534246577000,80.09512865534246577000,80.09512865534246577000,100.0
Healthy / stable,Bankers_Insurance,free,persona_x_initial_plan,33,902.02091335561607949300,3873.14043023041918197465,902.02091335561607949300,21.02
Declining - low exposure,Bankers_Insurance,free,persona_x_initial_plan,6,14.81467460383561221000,637.95342914356149558000,14.81467460383561221000,3.82
Material Watch,Bankers_Insurance,free,persona_x_initial_plan,4,320.54153681698626300000,3819.00109492791716830000,320.54153681698626300000,2.55
Recovered / monitor,Bankers_Insurance,free,persona_x_initial_plan,4,12.04796459178082287000,111.15771701780679388700,12.04796459178082287000,2.55
Insufficient history,Bankers_Insurance,free,persona_x_initial_plan,98,5056.61070026143614844208,13410.36253936524254608588,5056.61070026143614844208,62.42
At-risk,Bankers_Insurance,free,persona_x_initial_plan,4,0.00000000000000000000,5.48522801753424735220,2.58492166136986315620,2.55
Churned proxy,Bankers_Insurance,free,persona_x_initial_plan,7,0.00000000000000000000,430.37875964517013175210,281.08858745753424775167,4.46
Never monetized,Bankers_Insurance,free,persona_x_initial_plan,1,0.00000000000000000000,,,0.64
Healthy / stable,Bankers_Insurance,plus,persona_x_initial_plan,2,181.51756819123209380000,1071.53616589238691580000,181.51756819123209380000,13.33
Material Watch,Bankers_Insurance,plus,persona_x_initial_plan,1,95.92537623452023800000,1013.06774339024396080000,95.92537623452023800000,6.67
Insufficient history,Bankers_Insurance,plus,persona_x_initial_plan,11,1638.70380760383403952430,4301.78709487287081295375,1638.70380760383403952430,73.33
At-risk,Bankers_Insurance,plus,persona_x_initial_plan,1,0.00000000000000000000,1.38033540438355525200,1.38033540438355525200,6.67
Healthy / stable,Bankers_Insurance,start,persona_x_initial_plan,21,1118.02419579725893948000,5523.85052524657940762000,1118.02419579725893948000,20.39
Declining - low exposure,Bankers_Insurance,start,persona_x_initial_plan,3,40.62686958794518920300,379.10463144833382311900,40.62686958794518920300,2.91
Material Watch,Bankers_Insurance,start,persona_x_initial_plan,3,49.87779932273972246600,2022.54910892227847253300,49.87779932273972246600,2.91
Insufficient history,Bankers_Insurance,start,persona_x_initial_plan,70,1920.96339534268182317230,3984.88967241316003773232,1920.96339534268182317230,67.96
At-risk,Bankers_Insurance,start,persona_x_initial_plan,2,0.00000000000000000000,99.39412602739724243000,35.18099178082190764000,1.94
Churned proxy,Bankers_Insurance,start,persona_x_initial_plan,3,0.00000000000000000000,180.71347655549579998000,33.88464573357799169000,2.91
Never monetized,Bankers_Insurance,start,persona_x_initial_plan,1,0.00000000000000000000,,,0.97
Healthy / stable,Bikers_Drivers,business,persona_x_initial_plan,5,1086.49942490903836574220,4311.28011386885212334790,1086.49942490903836574220,13.16
Material Watch,Bikers_Drivers,business,persona_x_initial_plan,4,1154.03454774848966198000,7109.77000474328701151170,1154.03454774848966198000,10.53
Recovered / monitor,Bikers_Drivers,business,persona_x_initial_plan,1,24.39047084821917117000,39.26309749698623749000,24.39047084821917117000,2.63
Insufficient history,Bikers_Drivers,business,persona_x_initial_plan,17,1976.38087427616082701900,5538.36272944766150848800,1976.38087427616082701900,44.74
At-risk,Bikers_Drivers,business,persona_x_initial_plan,3,0.00000000000000000000,243.17067506739724545130,161.77021527890410178900,7.89
Churned proxy,Bikers_Drivers,business,persona_x_initial_plan,7,0.00000000000000000000,1348.68609865281769086858,493.12007719750017786520,18.42
Never monetized,Bikers_Drivers,business,persona_x_initial_plan,1,0.00000000000000000000,,,2.63
Healthy / stable,Bikers_Drivers,free,persona_x_initial_plan,82,1745.77090713752961649387,7694.74149589569584016494,1745.77090713752961649387,22.71
Declining - low exposure,Bikers_Drivers,free,persona_x_initial_plan,18,18.23121862904103719966,517.00210861728002690453,18.23121862904103719966,4.99
Material Watch,Bikers_Drivers,free,persona_x_initial_plan,6,60.22645895342449725040,1425.42010259195278011750,60.22645895342449725040,1.66
Recovered / monitor,Bikers_Drivers,free,persona_x_initial_plan,6,59.51833566082179178091,853.60639807430967609109,59.51833566082179178091,1.66
Insufficient history,Bikers_Drivers,free,persona_x_initial_plan,192,2367.43733988328101098440,5484.49910361313912004835,2367.43733988328101098440,53.19
At-risk,Bikers_Drivers,free,persona_x_initial_plan,24,0.00000000000000000000,1670.11148437363821615797,312.00058634630117515205,6.65
Churned proxy,Bikers_Drivers,free,persona_x_initial_plan,31,0.00000000000000000000,1188.57442864236342491624,659.24850552002672523532,8.59
Never monetized,Bikers_Drivers,free,persona_x_initial_plan,2,0.00000000000000000000,,,0.55
Healthy / stable,Bikers_Drivers,plus,persona_x_initial_plan,43,3456.87148220571493393893,14106.52629413458610213417,3456.87148220571493393893,24.71
Material Watch,Bikers_Drivers,plus,persona_x_initial_plan,10,314.63697683452026126400,3390.50510083396942538300,314.63697683452026126400,5.75
Insufficient history,Bikers_Drivers,plus,persona_x_initial_plan,84,5519.54894597368376055646,11394.00632672075314822092,5519.54894597368376055646,48.28
At-risk,Bikers_Drivers,plus,persona_x_initial_plan,14,0.00000000000000000000,1698.44943949757371026886,257.96399167342444295990,8.05
Churned proxy,Bikers_Drivers,plus,persona_x_initial_plan,21,0.00000000000000000000,3219.67336388810593678538,1541.83122101872383840068,12.07
Never monetized,Bikers_Drivers,plus,persona_x_initial_plan,2,0.00000000000000000000,,,1.15
Healthy / stable,Bikers_Drivers,start,persona_x_initial_plan,102,3511.75308954622469280181,14778.83843838653045983919,3511.75308954622469280181,21.43
Declining - low exposure,Bikers_Drivers,start,persona_x_initial_plan,6,38.78106665808218537667,409.74403332428218538150,38.78106665808218537667,1.26
Material Watch,Bikers_Drivers,start,persona_x_initial_plan,19,451.17035264986238209500,5256.95231959816321718924,451.17035264986238209500,3.99
Recovered / monitor,Bikers_Drivers,start,persona_x_initial_plan,7,149.81156173150635832457,297.54591346969528803052,149.81156173150635832457,1.47
Insufficient history,Bikers_Drivers,start,persona_x_initial_plan,279,8947.12010150424554483199,20375.04122813727360091208,8947.12010150424554483199,58.61
At-risk,Bikers_Drivers,start,persona_x_initial_plan,32,0.00000000000000000000,2327.47857167895568318492,747.57673076438189048193,6.72
Churned proxy,Bikers_Drivers,start,persona_x_initial_plan,30,0.00000000000000000000,1179.82193996668907394440,486.18790686649682360130,6.3
Never monetized,Bikers_Drivers,start,persona_x_initial_plan,1,0.00000000000000000000,,,0.21
Healthy / stable,Cleaning_CallCenters,business,persona_x_initial_plan,1,81.83962976328767120000,507.37012210734187992200,81.83962976328767120000,50.0
Insufficient history,Cleaning_CallCenters,business,persona_x_initial_plan,1,103.96449394082179293000,184.85711127561631347500,103.96449394082179293000,50.0
Healthy / stable,Cleaning_CallCenters,free,persona_x_initial_plan,9,128.54642701479423613700,851.90218382517214586110,128.54642701479423613700,25.71
Declining - low exposure,Cleaning_CallCenters,free,persona_x_initial_plan,3,3.67167188383561589000,77.32978343850297441302,3.67167188383561589000,8.57
Insufficient history,Cleaning_CallCenters,free,persona_x_initial_plan,22,128.42881886301337566070,248.37714048219128712420,128.42881886301337566070,62.86
At-risk,Cleaning_CallCenters,free,persona_x_initial_plan,1,0.00000000000000000000,0.05515068493150685600,0.05515068493150685600,2.86
Healthy / stable,Cleaning_CallCenters,plus,persona_x_initial_plan,5,334.30147203287628775668,1632.88078777121834437728,334.30147203287628775668,27.78
Material Watch,Cleaning_CallCenters,plus,persona_x_initial_plan,1,1.11278974246575360000,1263.56020945314961960000,1.11278974246575360000,5.56
Insufficient history,Cleaning_CallCenters,plus,persona_x_initial_plan,10,560.65225780383457324647,1317.02095919999771964140,560.65225780383457324647,55.56
At-risk,Cleaning_CallCenters,plus,persona_x_initial_plan,1,0.00000000000000000000,374.00055837257008986740,30.58618708712309166100,5.56
Never monetized,Cleaning_CallCenters,plus,persona_x_initial_plan,1,0.00000000000000000000,,,5.56
Healthy / stable,Cleaning_CallCenters,start,persona_x_initial_plan,8,220.45973261808156640300,1422.71530963931427336300,220.45973261808156640300,20.0
Material Watch,Cleaning_CallCenters,start,persona_x_initial_plan,3,36.26136957041091594000,693.22050896030767781000,36.26136957041091594000,7.5
Insufficient history,Cleaning_CallCenters,start,persona_x_initial_plan,26,777.13689908657332857550,1295.57025905479198951450,777.13689908657332857550,65.0
At-risk,Cleaning_CallCenters,start,persona_x_initial_plan,2,0.00000000000000000000,36.24163183780821176165,19.59003169260274256165,5.0
Churned proxy,Cleaning_CallCenters,start,persona_x_initial_plan,1,0.00000000000000000000,40.52804180463955143000,40.52804180463955143000,2.5
Healthy / stable,Consultant,business,persona_x_initial_plan,6,1181.44958313698255965650,4174.32848237560753024916,1181.44958313698255965650,19.35
Material Watch,Consultant,business,persona_x_initial_plan,1,0.00073397260273972600,353.16284373960107186680,0.00073397260273972600,3.23
Insufficient history,Consultant,business,persona_x_initial_plan,18,2924.54050662684209214890,5670.28016020546821963030,2924.54050662684209214890,58.06
At-risk,Consultant,business,persona_x_initial_plan,2,0.00000000000000000000,102.86296343780822121200,102.48948850301370059000,6.45
Churned proxy,Consultant,business,persona_x_initial_plan,4,0.00000000000000000000,468.75247393374173509560,463.94178056387872059560,12.9
Healthy / stable,Consultant,free,persona_x_initial_plan,325,9920.17666927834004439576,45712.88027254653764975639,9920.17666927834004439576,23.26
Declining - low exposure,Consultant,free,persona_x_initial_plan,65,126.12052462958879083972,2369.12695652886478032509,126.12052462958879083972,4.65
Material Watch,Consultant,free,persona_x_initial_plan,41,1157.27129176657395159750,14882.00535903306299186410,1157.27129176657395159750,2.93
Recovered / monitor,Consultant,free,persona_x_initial_plan,15,116.68853249862963218250,384.07570762684840230840,116.68853249862963218250,1.07
Insufficient history,Consultant,free,persona_x_initial_plan,841,13914.01527067060883927884,31221.76472046911088343976,13914.01527067060883927884,60.2
At-risk,Consultant,free,persona_x_initial_plan,71,0.00000000000000000000,1758.34342229536109191489,431.71095723835530759289,5.08
Churned proxy,Consultant,free,persona_x_initial_plan,33,0.00000000000000000000,1082.56878665517343788195,736.15337076065306136704,2.36
Never monetized,Consultant,free,persona_x_initial_plan,6,0.00000000000000000000,,,0.43
Healthy / stable,Consultant,plus,persona_x_initial_plan,62,6531.74131773980688252540,30698.63801114920900903500,6531.74131773980688252540,26.72
Material Watch,Consultant,plus,persona_x_initial_plan,8,762.03628152094311520420,6497.13315491560469952400,762.03628152094311520420,3.45
Recovered / monitor,Consultant,plus,persona_x_initial_plan,1,25.00424104328767123400,132.35986379471630107590,25.00424104328767123400,0.43
Insufficient history,Consultant,plus,persona_x_initial_plan,137,12416.42478908915223449340,27983.48837230540568668487,12416.42478908915223449340,59.05
At-risk,Consultant,plus,persona_x_initial_plan,14,0.00000000000000000000,2396.59541117650853912431,1215.46726894903695151391,6.03
Churned proxy,Consultant,plus,persona_x_initial_plan,10,0.00000000000000000000,1199.04083545542071912470,397.87621787443641631330,4.31
Healthy / stable,Consultant,start,persona_x_initial_plan,413,23194.38788472472221809342,100030.44586831094720232291,23194.38788472472221809342,29.21
Declining - low exposure,Consultant,start,persona_x_initial_plan,11,112.39019448438352928642,1000.85365699844400871722,112.39019448438352928642,0.78
Material Watch,Consultant,start,persona_x_initial_plan,47,3802.25318295943935427750,30237.57863466722731479169,3802.25318295943935427750,3.32
Recovered / monitor,Consultant,start,persona_x_initial_plan,6,6.95083386027395204290,285.83942688890408066033,6.95083386027395204290,0.42
Insufficient history,Consultant,start,persona_x_initial_plan,869,30920.30891064695925937074,72345.97819701153232820457,30920.30891064695925937074,61.46
At-risk,Consultant,start,persona_x_initial_plan,38,0.00000000000000000000,2964.91440215119067368302,568.21935304931484574946,2.69
Churned proxy,Consultant,start,persona_x_initial_plan,27,0.00000000000000000000,784.71218932187963926041,296.85963624083569945097,1.91
Never monetized,Consultant,start,persona_x_initial_plan,3,0.00000000000000000000,,,0.21
Healthy / stable,Developer_IT,business,persona_x_initial_plan,3,332.70002751725989932609,1907.03025632922692122459,332.70002751725989932609,14.29
Insufficient history,Developer_IT,business,persona_x_initial_plan,14,1398.90620935561324974000,2657.63930509643500488425,1398.90620935561324974000,66.67
At-risk,Developer_IT,business,persona_x_initial_plan,3,0.00000000000000000000,248.97481084821914323700,246.20980171616436024500,14.29
Churned proxy,Developer_IT,business,persona_x_initial_plan,1,0.00000000000000000000,1435.22138447044354500000,1435.22138447044354500000,4.76
Healthy / stable,Developer_IT,free,persona_x_initial_plan,162,7941.16102484711624598298,32603.04954955576554681584,7941.16102484711624598298,24.77
Declining - low exposure,Developer_IT,free,persona_x_initial_plan,26,70.92384043123281530057,1110.51057091630365962187,70.92384043123281530057,3.98
Material Watch,Developer_IT,free,persona_x_initial_plan,15,234.64688609643791936350,2764.86276115627523869889,234.64688609643791936350,2.29
Recovered / monitor,Developer_IT,free,persona_x_initial_plan,7,26.89463128164377965400,278.42415996334821835500,26.89463128164377965400,1.07
Insufficient history,Developer_IT,free,persona_x_initial_plan,388,10305.36207006190402754170,18940.68105991763219319094,10305.36207006190402754170,59.33
At-risk,Developer_IT,free,persona_x_initial_plan,30,0.00000000000000000000,878.04206011918554096325,484.18471288328711226105,4.59
Churned proxy,Developer_IT,free,persona_x_initial_plan,26,0.00000000000000000000,578.98088797594653614466,342.97706445394011946566,3.98
Healthy / stable,Developer_IT,plus,persona_x_initial_plan,28,2082.62916745299698209800,10731.44096964005669403460,2082.62916745299698209800,23.53
Material Watch,Developer_IT,plus,persona_x_initial_plan,3,191.21588668164354293000,1322.82405633516405646700,191.21588668164354293000,2.52
Recovered / monitor,Developer_IT,plus,persona_x_initial_plan,1,25.30957427178082028900,30.07073809095888421900,25.30957427178082028900,0.84
Insufficient history,Developer_IT,plus,persona_x_initial_plan,73,6546.86702256881430965503,15448.45808596385753834673,6546.86702256881430965503,61.34
At-risk,Developer_IT,plus,persona_x_initial_plan,6,0.00000000000000000000,1164.37561274011692804960,156.71249022356164012960,5.04
Churned proxy,Developer_IT,plus,persona_x_initial_plan,6,0.00000000000000000000,523.00830702358943436580,103.98357513863013891580,5.04
Never monetized,Developer_IT,plus,persona_x_initial_plan,2,0.00000000000000000000,,,1.68
Healthy / stable,Developer_IT,start,persona_x_initial_plan,215,10882.23968766101392808566,47430.72212781764075560845,10882.23968766101392808566,33.54
Declining - low exposure,Developer_IT,start,persona_x_initial_plan,8,81.29457971726027264300,725.25574760650395143200,81.29457971726027264300,1.25
Material Watch,Developer_IT,start,persona_x_initial_plan,31,1165.98621318739579104700,10566.48004366211684469837,1165.98621318739579104700,4.84
Recovered / monitor,Developer_IT,start,persona_x_initial_plan,9,209.67479805809570030157,861.98679628402644001917,209.67479805809570030157,1.4
Insufficient history,Developer_IT,start,persona_x_initial_plan,353,13255.97404013399420078318,31138.14622231652806204971,13255.97404013399420078318,55.07
At-risk,Developer_IT,start,persona_x_initial_plan,13,0.00000000000000000000,1187.57606420954191989728,221.16462914246566206128,2.03
Churned proxy,Developer_IT,start,persona_x_initial_plan,8,0.00000000000000000000,320.47578894156646491294,208.36036558050927440100,1.25
Never monetized,Developer_IT,start,persona_x_initial_plan,4,0.00000000000000000000,,,0.62
Healthy / stable,Media_Publishing,business,persona_x_initial_plan,2,254.70924706082143288800,897.59619611975855074600,254.70924706082143288800,50.0
Insufficient history,Media_Publishing,business,persona_x_initial_plan,1,50.82887613972577820000,50.82887613972577820000,50.82887613972577820000,25.0
At-risk,Media_Publishing,business,persona_x_initial_plan,1,0.00000000000000000000,80.23288439671232791618,80.00018859561643835618,25.0
Healthy / stable,Media_Publishing,free,persona_x_initial_plan,81,1147.50043529862688079494,5443.74191161583322247774,1147.50043529862688079494,27.93
Declining - low exposure,Media_Publishing,free,persona_x_initial_plan,20,45.13090568164378206080,1043.71381014567877798480,45.13090568164378206080,6.9
Material Watch,Media_Publishing,free,persona_x_initial_plan,2,13.58385144602738830000,414.42466624821858910000,13.58385144602738830000,0.69
Recovered / monitor,Media_Publishing,free,persona_x_initial_plan,6,69.62466703013690480730,215.05938624556342299570,69.62466703013690480730,2.07
Insufficient history,Media_Publishing,free,persona_x_initial_plan,163,2528.97835243451672983249,5949.60975406683953221582,2528.97835243451672983249,56.21
At-risk,Media_Publishing,free,persona_x_initial_plan,13,0.00000000000000000000,171.39135977917797124000,35.23218332767113212886,4.48
Churned proxy,Media_Publishing,free,persona_x_initial_plan,5,0.00000000000000000000,0.98658441808219200728,0.66545836493150706768,1.72
Healthy / stable,Media_Publishing,plus,persona_x_initial_plan,10,1746.63238959616213760000,7651.68790427246104581000,1746.63238959616213760000,25.64
Material Watch,Media_Publishing,plus,persona_x_initial_plan,2,51.63189513315068509318,743.27490599179862564918,51.63189513315068509318,5.13
Recovered / monitor,Media_Publishing,plus,persona_x_initial_plan,2,205.25022498739726029000,721.16368912986301585800,205.25022498739726029000,5.13
Insufficient history,Media_Publishing,plus,persona_x_initial_plan,23,2243.84967352766222943062,5418.29212709422975309500,2243.84967352766222943062,58.97
At-risk,Media_Publishing,plus,persona_x_initial_plan,1,0.00000000000000000000,224.53131874964287495050,0.00046524054794520550,2.56
Churned proxy,Media_Publishing,plus,persona_x_initial_plan,1,0.00000000000000000000,25.03372435104248640533,25.03372435104248640533,2.56
Healthy / stable,Media_Publishing,start,persona_x_initial_plan,77,4751.34190519615789566931,20965.31948118240460162489,4751.34190519615789566931,24.52
Declining - low exposure,Media_Publishing,start,persona_x_initial_plan,4,40.92463072876710696100,498.72558009718349122566,40.92463072876710696100,1.27
Material Watch,Media_Publishing,start,persona_x_initial_plan,9,537.44927853095775673380,5162.96552409530968716180,537.44927853095775673380,2.87
Recovered / monitor,Media_Publishing,start,persona_x_initial_plan,4,66.50335301863000596800,146.10022032612768477000,66.50335301863000596800,1.27
Insufficient history,Media_Publishing,start,persona_x_initial_plan,207,7129.73261428205934258730,15568.51774533517232856294,7129.73261428205934258730,65.92
At-risk,Media_Publishing,start,persona_x_initial_plan,9,0.00000000000000000000,437.76428487266954990021,101.43055191287661896707,2.87
Churned proxy,Media_Publishing,start,persona_x_initial_plan,3,0.00000000000000000000,246.49519287945205574430,188.26723095068492842430,0.96
Never monetized,Media_Publishing,start,persona_x_initial_plan,1,0.00000000000000000000,,,0.32
Healthy / stable,Medical_Professionals,free,persona_x_initial_plan,26,675.46870939068464104300,3163.32184992536699139384,675.46870939068464104300,26.26
Material Watch,Medical_Professionals,free,persona_x_initial_plan,1,0.17276769589041102000,94.14156456767082180000,0.17276769589041102000,1.01
Recovered / monitor,Medical_Professionals,free,persona_x_initial_plan,1,1.62223223342465790000,5.09527998465753503000,1.62223223342465790000,1.01
Insufficient history,Medical_Professionals,free,persona_x_initial_plan,68,1076.33325362246397270800,2149.77871260328369287100,1076.33325362246397270800,68.69
At-risk,Medical_Professionals,free,persona_x_initial_plan,3,0.00000000000000000000,29.72672859858073591220,9.23773931780821739120,3.03
Healthy / stable,Medical_Professionals,plus,persona_x_initial_plan,4,693.18616296328689310000,2604.03021492042137207600,693.18616296328689310000,40.0
Material Watch,Medical_Professionals,plus,persona_x_initial_plan,1,267.92508255232789680000,3223.22406870691839150000,267.92508255232789680000,10.0
Insufficient history,Medical_Professionals,plus,persona_x_initial_plan,4,694.35975691342303310000,1093.70625449479273630357,694.35975691342303310000,40.0
At-risk,Medical_Professionals,plus,persona_x_initial_plan,1,0.00000000000000000000,0.01323726027397260400,0.01323726027397260400,10.0
Healthy / stable,Medical_Professionals,start,persona_x_initial_plan,30,1381.27967698027087609650,5398.39986965361510006263,1381.27967698027087609650,26.32
Declining - low exposure,Medical_Professionals,start,persona_x_initial_plan,3,37.69324123013697634000,422.17876419576063561200,37.69324123013697634000,2.63
Material Watch,Medical_Professionals,start,persona_x_initial_plan,2,36.09595451780817143000,360.75098693582988889000,36.09595451780817143000,1.75
Insufficient history,Medical_Professionals,start,persona_x_initial_plan,73,1874.41026047099672505200,3802.40082050384337867980,1874.41026047099672505200,64.04
At-risk,Medical_Professionals,start,persona_x_initial_plan,2,0.00000000000000000000,0.02040849315068493494,0.02040849315068493494,1.75
Churned proxy,Medical_Professionals,start,persona_x_initial_plan,3,0.00000000000000000000,51.28531715071163361000,24.80921698630136975000,2.63
Never monetized,Medical_Professionals,start,persona_x_initial_plan,1,0.00000000000000000000,,,0.88
Healthy / stable,Others,business,persona_x_initial_plan,8,1674.61702028164160502310,6917.06431995363741564820,1674.61702028164160502310,12.7
Material Watch,Others,business,persona_x_initial_plan,1,183.77395843616409400000,1265.82729600328441600000,183.77395843616409400000,1.59
Insufficient history,Others,business,persona_x_initial_plan,25,2414.77210390410716113166,5513.16027839944267636088,2414.77210390410716113166,39.68
At-risk,Others,business,persona_x_initial_plan,11,0.00000000000000000000,3018.05966646569440726493,716.26917883013688092123,17.46
Churned proxy,Others,business,persona_x_initial_plan,17,0.00000000000000000000,3400.09904088706416545400,2680.33665941274668440400,26.98
Never monetized,Others,business,persona_x_initial_plan,1,0.00000000000000000000,,,1.59
Healthy / stable,Others,free,persona_x_initial_plan,250,5185.55231319420866759763,23221.65978920874235707373,5185.55231319420866759763,21.63
Declining - low exposure,Others,free,persona_x_initial_plan,44,111.46219962301342711876,2535.36736678424920076054,111.46219962301342711876,3.81
Material Watch,Others,free,persona_x_initial_plan,32,649.51773657205342926160,7944.91660786771426821914,649.51773657205342926160,2.77
Recovered / monitor,Others,free,persona_x_initial_plan,6,17.96196920328760541050,173.26013082520530705450,17.96196920328760541050,0.52
Insufficient history,Others,free,persona_x_initial_plan,738,10608.63003174634249897440,22249.83177649833652808243,10608.63003174634249897440,63.84
At-risk,Others,free,persona_x_initial_plan,54,0.00000000000000000000,1011.05645341706226987935,289.54648128109560513341,4.67
Churned proxy,Others,free,persona_x_initial_plan,30,0.00000000000000000000,1839.96321260165907722687,1040.47743241276813725093,2.6
Never monetized,Others,free,persona_x_initial_plan,2,0.00000000000000000000,,,0.17
Healthy / stable,Others,plus,persona_x_initial_plan,100,7861.73554485337727852769,33656.95918351535190690789,7861.73554485337727852769,25.13
Material Watch,Others,plus,persona_x_initial_plan,21,1455.16962934066788353100,14588.35995287469206438160,1455.16962934066788353100,5.28
Recovered / monitor,Others,plus,persona_x_initial_plan,5,103.52279909589039341358,832.24813327005293787708,103.52279909589039341358,1.26
Insufficient history,Others,plus,persona_x_initial_plan,224,14033.51168815677411976166,29558.84443090743030405273,14033.51168815677411976166,56.28
At-risk,Others,plus,persona_x_initial_plan,23,0.00000000000000000000,1612.56318981125214490440,343.25508971671191948735,5.78
Churned proxy,Others,plus,persona_x_initial_plan,24,0.00000000000000000000,1281.06545840523209568992,444.53470230215433328462,6.03
Never monetized,Others,plus,persona_x_initial_plan,1,0.00000000000000000000,,,0.25
Healthy / stable,Others,start,persona_x_initial_plan,353,16146.97329771958254896347,69189.72874296347286834247,16146.97329771958254896347,26.8
Declining - low exposure,Others,start,persona_x_initial_plan,8,70.79129498301367838170,789.59304119547457365650,70.79129498301367838170,0.61
Material Watch,Others,start,persona_x_initial_plan,31,916.16730818246417804400,9566.49292632075810946300,916.16730818246417804400,2.35
Recovered / monitor,Others,start,persona_x_initial_plan,11,170.57511719178062192800,761.63091462590462996547,170.57511719178062192800,0.84
Insufficient history,Others,start,persona_x_initial_plan,821,23130.07453642330545696495,49170.21116986870095118940,23130.07453642330545696495,62.34
At-risk,Others,start,persona_x_initial_plan,56,0.00000000000000000000,4433.56204699161882327608,1359.83008757095523455894,4.25
Churned proxy,Others,start,persona_x_initial_plan,36,0.00000000000000000000,1015.06139303385296396191,457.63082763467593298829,2.73
Never monetized,Others,start,persona_x_initial_plan,1,0.00000000000000000000,,,0.08
Insufficient history,Professeur,business,persona_x_initial_plan,2,559.61754091123164840000,1595.51295982355874360000,559.61754091123164840000,50.0
At-risk,Professeur,business,persona_x_initial_plan,1,0.00000000000000000000,272.05282477824189493880,80.18447494849315000600,25.0
Churned proxy,Professeur,business,persona_x_initial_plan,1,0.00000000000000000000,100.48462416670468273000,100.48462416670468273000,25.0
Healthy / stable,Professeur,free,persona_x_initial_plan,55,990.98661795287437997010,3947.34454070506064499698,990.98661795287437997010,22.0
Declining - low exposure,Professeur,free,persona_x_initial_plan,11,10.00148548273971990130,293.20857900296124413070,10.00148548273971990130,4.4
Material Watch,Professeur,free,persona_x_initial_plan,3,67.35960941808211876000,816.97436745825783651000,67.35960941808211876000,1.2
Recovered / monitor,Professeur,free,persona_x_initial_plan,2,6.86304459287668094000,11.47232029150681567300,6.86304459287668094000,0.8
Insufficient history,Professeur,free,persona_x_initial_plan,157,1702.82439790958608459483,3557.74326353095304299282,1702.82439790958608459483,62.8
At-risk,Professeur,free,persona_x_initial_plan,12,0.00000000000000000000,92.37440402376367075110,14.80716328054793684290,4.8
Churned proxy,Professeur,free,persona_x_initial_plan,9,0.00000000000000000000,57.37943735593100603812,13.42192227178082517252,3.6
Never monetized,Professeur,free,persona_x_initial_plan,1,0.00000000000000000000,,,0.4
Healthy / stable,Professeur,plus,persona_x_initial_plan,10,1145.76189946520361349500,3959.66652057015495564900,1145.76189946520361349500,30.3
Material Watch,Professeur,plus,persona_x_initial_plan,1,39.38049311780814019100,915.30680828602403900100,39.38049311780814019100,3.03
Recovered / monitor,Professeur,plus,persona_x_initial_plan,1,25.00321391561643835560,61.38650338488619606360,25.00321391561643835560,3.03
Insufficient history,Professeur,plus,persona_x_initial_plan,20,1109.15871986318982692237,2136.57287508729766627667,1109.15871986318982692237,60.61
At-risk,Professeur,plus,persona_x_initial_plan,1,0.00000000000000000000,675.24660148986073357548,625.24558967232648700000,3.03
Healthy / stable,Professeur,start,persona_x_initial_plan,75,2309.77621197533890427620,11736.47701754442386445742,2309.77621197533890427620,29.18
Declining - low exposure,Professeur,start,persona_x_initial_plan,1,12.65995076383561630000,68.60131683945204260000,12.65995076383561630000,0.39
Material Watch,Professeur,start,persona_x_initial_plan,12,322.25727184328703810000,2882.97550514543119220400,322.25727184328703810000,4.67
Insufficient history,Professeur,start,persona_x_initial_plan,158,3886.34518488761004136282,10882.04306292572181693438,3886.34518488761004136282,61.48
At-risk,Professeur,start,persona_x_initial_plan,6,0.00000000000000000000,123.48136711780817234010,76.45830860164380042530,2.33
Churned proxy,Professeur,start,persona_x_initial_plan,5,0.00000000000000000000,45.88356759806115915050,23.70489948959824266050,1.95
Churned proxy,Repair,business,persona_x_initial_plan,1,0.00000000000000000000,140.33490961278893600000,140.33490961278893600000,100.0
Healthy / stable,Repair,free,persona_x_initial_plan,7,12.44506540219176605070,33.60703009136044889830,12.44506540219176605070,11.11
Declining - low exposure,Repair,free,persona_x_initial_plan,3,0.89829523945205494800,38.61833482332004573200,0.89829523945205494800,4.76
Material Watch,Repair,free,persona_x_initial_plan,3,36.45670110849302837400,588.09754771032316767800,36.45670110849302837400,4.76
Recovered / monitor,Repair,free,persona_x_initial_plan,1,4.00029823561643835614,4.00029823561643835614,4.00029823561643835614,1.59
Insufficient history,Repair,free,persona_x_initial_plan,38,625.34190565533989253280,1314.99165737369491706400,625.34190565533989253280,60.32
At-risk,Repair,free,persona_x_initial_plan,5,0.00000000000000000000,65.01122994904099426420,34.77370694794519984600,7.94
Churned proxy,Repair,free,persona_x_initial_plan,5,0.00000000000000000000,185.71157443129010931253,10.00567132986301515253,7.94
Never monetized,Repair,free,persona_x_initial_plan,1,0.00000000000000000000,,,1.59
Healthy / stable,Repair,plus,persona_x_initial_plan,3,90.56432092547929701500,479.87532789956870594300,90.56432092547929701500,25.0
Insufficient history,Repair,plus,persona_x_initial_plan,8,334.99537129698570479310,763.40732688438246997060,334.99537129698570479310,66.67
At-risk,Repair,plus,persona_x_initial_plan,1,0.00000000000000000000,25.09485424657534248210,25.09153534246575344100,8.33
Healthy / stable,Repair,start,persona_x_initial_plan,16,361.26466081588998718750,1761.34995546040807785860,361.26466081588998718750,36.36
Declining - low exposure,Repair,start,persona_x_initial_plan,1,15.49982670904109260000,127.81891566182475075000,15.49982670904109260000,2.27
Material Watch,Repair,start,persona_x_initial_plan,2,20.28037253589039210000,385.38984142712383279000,20.28037253589039210000,4.55
Insufficient history,Repair,start,persona_x_initial_plan,22,521.04035224843703051230,1339.92418551787394314300,521.04035224843703051230,50.0
At-risk,Repair,start,persona_x_initial_plan,1,0.00000000000000000000,22.10634864438356166700,11.05441800328767124700,2.27
Churned proxy,Repair,start,persona_x_initial_plan,2,0.00000000000000000000,102.22554530293476875640,25.35705961753417768640,4.55
Insufficient history,Repair_Installation,business,persona_x_initial_plan,1,80.28617468493150683000,160.65011901369863012000,80.28617468493150683000,100.0
Healthy / stable,Repair_Installation,free,persona_x_initial_plan,5,146.51694282684886143000,950.67024608968377276400,146.51694282684886143000,41.67
Insufficient history,Repair_Installation,free,persona_x_initial_plan,7,107.91427764438318838800,396.37943062027273144170,107.91427764438318838800,58.33
Healthy / stable,Repair_Installation,plus,persona_x_initial_plan,1,238.38010772657435800000,647.39322700313933090000,238.38010772657435800000,16.67
Insufficient history,Repair_Installation,plus,persona_x_initial_plan,5,528.90020047561420620000,1502.46463817917284922900,528.90020047561420620000,83.33
Healthy / stable,Repair_Installation,start,persona_x_initial_plan,5,245.14511388383509200000,1040.86185360920631306000,245.14511388383509200000,26.32
Material Watch,Repair_Installation,start,persona_x_initial_plan,1,90.19505086410925200000,778.44382939375094770000,90.19505086410925200000,5.26
Insufficient history,Repair_Installation,start,persona_x_initial_plan,12,530.79141768313608123400,1302.55374531962746614200,530.79141768313608123400,63.16
At-risk,Repair_Installation,start,persona_x_initial_plan,1,0.00000000000000000000,70.82263863999996320800,11.01212328767123287800,5.26
Insufficient history,Restauration,business,persona_x_initial_plan,2,209.50290941479426248000,477.55351121808179276000,209.50290941479426248000,66.67
Churned proxy,Restauration,business,persona_x_initial_plan,1,0.00000000000000000000,134.25513326594296120000,134.25513326594296120000,33.33
Healthy / stable,Restauration,free,persona_x_initial_plan,35,892.29835697862698797584,3859.98714767355000366770,892.29835697862698797584,22.15
Declining - low exposure,Restauration,free,persona_x_initial_plan,11,23.47526056712320595620,191.64176117010531717840,23.47526056712320595620,6.96
Material Watch,Restauration,free,persona_x_initial_plan,6,206.67598568493090618000,1512.69054802190076704300,206.67598568493090618000,3.8
Recovered / monitor,Restauration,free,persona_x_initial_plan,1,0.16128328767123287000,0.25394520547945206600,0.16128328767123287000,0.63
Insufficient history,Restauration,free,persona_x_initial_plan,87,2268.01410922303620068760,5481.49842619891632563316,2268.01410922303620068760,55.06
At-risk,Restauration,free,persona_x_initial_plan,9,0.00000000000000000000,579.85900126948768668780,38.41421215178081295180,5.7
Churned proxy,Restauration,free,persona_x_initial_plan,8,0.00000000000000000000,20.93651496865561112520,17.37402455769670678420,5.06
Never monetized,Restauration,free,persona_x_initial_plan,1,0.00000000000000000000,,,0.63
Healthy / stable,Restauration,plus,persona_x_initial_plan,26,4928.08489956860042902925,20663.56494085843227930477,4928.08489956860042902925,33.77
Material Watch,Restauration,plus,persona_x_initial_plan,3,171.01455944931473490000,1391.18374395710915500900,171.01455944931473490000,3.9
Recovered / monitor,Restauration,plus,persona_x_initial_plan,2,39.99393549479452033510,286.70585884178636766520,39.99393549479452033510,2.6
Insufficient history,Restauration,plus,persona_x_initial_plan,41,4128.53478849431438454430,9801.80728948783435543006,4128.53478849431438454430,53.25
At-risk,Restauration,plus,persona_x_initial_plan,3,0.00000000000000000000,198.75917167452018285600,107.35796549643820221600,3.9
Churned proxy,Restauration,plus,persona_x_initial_plan,2,0.00000000000000000000,628.03391287695334732065,453.46764829479220042065,2.6
Healthy / stable,Restauration,start,persona_x_initial_plan,48,2078.48829106519940484492,9546.41451835291111977922,2078.48829106519940484492,20.6
Declining - low exposure,Restauration,start,persona_x_initial_plan,1,11.50864229972602540000,62.43876069552674861000,11.50864229972602540000,0.43
Material Watch,Restauration,start,persona_x_initial_plan,13,584.13925661260104976090,5869.54478551178485804050,584.13925661260104976090,5.58
Recovered / monitor,Restauration,start,persona_x_initial_plan,1,11.00463097534246575440,79.45176756024762437520,11.00463097534246575440,0.43
Insufficient history,Restauration,start,persona_x_initial_plan,154,6877.29428048646024044940,13869.98977371217082173140,6877.29428048646024044940,66.09
At-risk,Restauration,start,persona_x_initial_plan,9,0.00000000000000000000,568.96786932393298155063,73.89526943013698307523,3.86
Churned proxy,Restauration,start,persona_x_initial_plan,6,0.00000000000000000000,292.56651189393126387130,104.63338723190030161240,2.58
Never monetized,Restauration,start,persona_x_initial_plan,1,0.00000000000000000000,,,0.43
Healthy / stable,Retail,business,persona_x_initial_plan,5,1275.02393363013273993000,5263.26701354029739044000,1275.02393363013273993000,15.63
Material Watch,Retail,business,persona_x_initial_plan,1,0.00001104109589041096,340.36710422561359147796,0.00001104109589041096,3.13
Insufficient history,Retail,business,persona_x_initial_plan,16,1389.46147777150441063974,3112.58286084437887703261,1389.46147777150441063974,50.0
At-risk,Retail,business,persona_x_initial_plan,7,0.00000000000000000000,1238.73267550136623041720,807.79011794903824935230,21.88
Churned proxy,Retail,business,persona_x_initial_plan,3,0.00000000000000000000,334.36712083599108009000,327.46933398667601209000,9.38
Healthy / stable,Retail,free,persona_x_initial_plan,215,5450.53206153368128561732,24017.81111878346593010289,5450.53206153368128561732,21.83
Declining - low exposure,Retail,free,persona_x_initial_plan,47,100.05591058082162776763,1887.70754016390351782252,100.05591058082162776763,4.77
Material Watch,Retail,free,persona_x_initial_plan,21,322.69382040328680225440,4617.20623467344631743080,322.69382040328680225440,2.13
Recovered / monitor,Retail,free,persona_x_initial_plan,10,28.43372175342458091265,407.71825607975507627254,28.43372175342458091265,1.02
Insufficient history,Retail,free,persona_x_initial_plan,606,7243.17728986463718861899,18611.25664895095540592470,7243.17728986463718861899,61.52
At-risk,Retail,free,persona_x_initial_plan,54,0.00000000000000000000,1321.93091719906863241298,520.15129369095787498591,5.48
Churned proxy,Retail,free,persona_x_initial_plan,29,0.00000000000000000000,732.79999445378576925066,272.78232126121751770069,2.94
Never monetized,Retail,free,persona_x_initial_plan,3,0.00000000000000000000,,,0.3
Healthy / stable,Retail,plus,persona_x_initial_plan,74,8987.81690631294265754846,37984.78098417935420068829,8987.81690631294265754846,25.78
Declining - low exposure,Retail,plus,persona_x_initial_plan,3,8.21438152986301289180,332.78865730381464062470,8.21438152986301289180,1.05
Material Watch,Retail,plus,persona_x_initial_plan,19,1047.30639466106603347030,12153.25589209347435931780,1047.30639466106603347030,6.62
Recovered / monitor,Retail,plus,persona_x_initial_plan,4,162.64841379397231835100,678.83095523952989471620,162.64841379397231835100,1.39
Insufficient history,Retail,plus,persona_x_initial_plan,145,10947.01961989024343778399,25592.40610252670706040433,10947.01961989024343778399,50.52
At-risk,Retail,plus,persona_x_initial_plan,19,0.00000000000000000000,2500.96112525902020253971,1101.70699475999681599834,6.62
Churned proxy,Retail,plus,persona_x_initial_plan,21,0.00000000000000000000,2241.32754086655945286495,891.07535133458262724264,7.32
Never monetized,Retail,plus,persona_x_initial_plan,2,0.00000000000000000000,,,0.7
Healthy / stable,Retail,start,persona_x_initial_plan,276,15464.67101970979532347372,74344.35848911435132039522,15464.67101970979532347372,25.05
Declining - low exposure,Retail,start,persona_x_initial_plan,14,124.14827603780816676810,1222.29870371875202822354,124.14827603780816676810,1.27
Material Watch,Retail,start,persona_x_initial_plan,45,1494.89069342629763626000,17571.96744743045299793477,1494.89069342629763626000,4.08
Recovered / monitor,Retail,start,persona_x_initial_plan,9,111.92031527068483967647,404.15227935751613733847,111.92031527068483967647,0.82
Insufficient history,Retail,start,persona_x_initial_plan,655,20726.02380133564043102804,50894.40697246458655898800,20726.02380133564043102804,59.44
At-risk,Retail,start,persona_x_initial_plan,53,0.00000000000000000000,2731.61473393415127776363,779.99228322465643413566,4.81
Churned proxy,Retail,start,persona_x_initial_plan,45,0.00000000000000000000,1445.77265176015302830212,734.73237165524497708335,4.08
Never monetized,Retail,start,persona_x_initial_plan,5,0.00000000000000000000,,,0.45
Healthy / stable,Wholesale,business,persona_x_initial_plan,6,1258.21299917807867531320,3457.65960823565479431320,1258.21299917807867531320,31.58
Material Watch,Wholesale,business,persona_x_initial_plan,2,82.58615355342465729480,958.11520011541983273220,82.58615355342465729480,10.53
Insufficient history,Wholesale,business,persona_x_initial_plan,9,783.92266023451936909000,1452.14171618684777349000,783.92266023451936909000,47.37
At-risk,Wholesale,business,persona_x_initial_plan,2,0.00000000000000000000,1389.59062210957288415500,199.70412810958888719300,10.53
Healthy / stable,Wholesale,free,persona_x_initial_plan,21,517.91942221643726851300,2066.71146767243523345450,517.91942221643726851300,15.67
Declining - low exposure,Wholesale,free,persona_x_initial_plan,7,6.30911650301369401700,346.49079202765238009500,6.30911650301369401700,5.22
Recovered / monitor,Wholesale,free,persona_x_initial_plan,1,5.44271918684930832000,168.35215612164378077000,5.44271918684930832000,0.75
Insufficient history,Wholesale,free,persona_x_initial_plan,92,3416.42405819341864577440,5778.46260188766356168230,3416.42405819341864577440,68.66
At-risk,Wholesale,free,persona_x_initial_plan,8,0.00000000000000000000,968.28350557559241738816,142.25797304712310041650,5.97
Churned proxy,Wholesale,free,persona_x_initial_plan,4,0.00000000000000000000,174.97193685721077509130,2.27214422356164379130,2.99
Never monetized,Wholesale,free,persona_x_initial_plan,1,0.00000000000000000000,,,0.75
Healthy / stable,Wholesale,plus,persona_x_initial_plan,25,2315.67773614574728528199,9910.90010372639082443812,2315.67773614574728528199,27.47
Material Watch,Wholesale,plus,persona_x_initial_plan,7,729.72878613040795707400,7217.17367613576947721070,729.72878613040795707400,7.69
Insufficient history,Wholesale,plus,persona_x_initial_plan,53,4227.40358767163068554050,9712.39009538604522416171,4227.40358767163068554050,58.24
At-risk,Wholesale,plus,persona_x_initial_plan,1,0.00000000000000000000,170.26162003451999090000,140.14721295342410780000,1.1
Churned proxy,Wholesale,plus,persona_x_initial_plan,5,0.00000000000000000000,382.04412519982174599883,75.40920872438355993783,5.49
Healthy / stable,Wholesale,start,persona_x_initial_plan,44,2682.31425306026699181570,11464.91932272220642972550,2682.31425306026699181570,23.04
Declining - low exposure,Wholesale,start,persona_x_initial_plan,6,67.06717570410958888100,617.48888844790926666400,67.06717570410958888100,3.14
Material Watch,Wholesale,start,persona_x_initial_plan,11,255.24185326684886082400,7621.04170889690038841900,255.24185326684886082400,5.76
Recovered / monitor,Wholesale,start,persona_x_initial_plan,1,28.68408034191771321000,107.14742466409594651760,28.68408034191771321000,0.52
Insufficient history,Wholesale,start,persona_x_initial_plan,115,3428.43324643398014380569,8041.84179014964234070958,3428.43324643398014380569,60.21
At-risk,Wholesale,start,persona_x_initial_plan,8,0.00000000000000000000,208.90045320628730344750,94.52138514301370302500,4.19
Churned proxy,Wholesale,start,persona_x_initial_plan,4,0.00000000000000000000,261.46285998495284101390,64.37715397479442564390,2.09
Never monetized,Wholesale,start,persona_x_initial_plan,2,0.00000000000000000000,,,1.05
