month_start,persona,initial_subscription_group,segment_level,active_at_start,post_activation_closed_during_month,activated_during_month,activated_and_closed_same_month,active_at_end,monthly_post_activation_closure_rate_pct
2025-10-01,ALL,business,initial_plan,0,0,28,2,26,
2025-10-01,ALL,free,initial_plan,0,0,409,4,405,
2025-10-01,ALL,plus,initial_plan,0,0,211,3,208,
2025-10-01,ALL,start,initial_plan,0,0,548,0,548,
2025-10-01,ALL,ALL,overall,0,0,1196,9,1187,
2025-10-01,Automobile_Trade_Repair,ALL,persona,0,0,53,0,53,
2025-10-01,BTP,ALL,persona,0,0,240,2,238,
2025-10-01,Bankers_Insurance,ALL,persona,0,0,15,0,15,
2025-10-01,Bikers_Drivers,ALL,persona,0,0,100,2,98,
2025-10-01,Cleaning_CallCenters,ALL,persona,0,0,6,0,6,
2025-10-01,Consultant,ALL,persona,0,0,202,1,201,
2025-10-01,Developer_IT,ALL,persona,0,0,91,2,89,
2025-10-01,Media_Publishing,ALL,persona,0,0,34,0,34,
2025-10-01,Medical_Professionals,ALL,persona,0,0,14,0,14,
2025-10-01,Others,ALL,persona,0,0,191,1,190,
2025-10-01,Professeur,ALL,persona,0,0,34,0,34,
2025-10-01,Repair,ALL,persona,0,0,8,0,8,
2025-10-01,Restauration,ALL,persona,0,0,28,0,28,
2025-10-01,Retail,ALL,persona,0,0,157,1,156,
2025-10-01,Wholesale,ALL,persona,0,0,23,0,23,
2025-10-01,Automobile_Trade_Repair,business,persona_x_initial_plan,0,0,5,0,5,
2025-10-01,Automobile_Trade_Repair,free,persona_x_initial_plan,0,0,15,0,15,
2025-10-01,Automobile_Trade_Repair,plus,persona_x_initial_plan,0,0,11,0,11,
2025-10-01,Automobile_Trade_Repair,start,persona_x_initial_plan,0,0,22,0,22,
2025-10-01,BTP,business,persona_x_initial_plan,0,0,8,0,8,
2025-10-01,BTP,free,persona_x_initial_plan,0,0,73,1,72,
2025-10-01,BTP,plus,persona_x_initial_plan,0,0,68,1,67,
2025-10-01,BTP,start,persona_x_initial_plan,0,0,91,0,91,
2025-10-01,Bankers_Insurance,free,persona_x_initial_plan,0,0,8,0,8,
2025-10-01,Bankers_Insurance,start,persona_x_initial_plan,0,0,7,0,7,
2025-10-01,Bikers_Drivers,business,persona_x_initial_plan,0,0,5,0,5,
2025-10-01,Bikers_Drivers,free,persona_x_initial_plan,0,0,36,1,35,
2025-10-01,Bikers_Drivers,plus,persona_x_initial_plan,0,0,26,1,25,
2025-10-01,Bikers_Drivers,start,persona_x_initial_plan,0,0,33,0,33,
2025-10-01,Cleaning_CallCenters,free,persona_x_initial_plan,0,0,4,0,4,
2025-10-01,Cleaning_CallCenters,start,persona_x_initial_plan,0,0,2,0,2,
2025-10-01,Consultant,business,persona_x_initial_plan,0,0,2,0,2,
2025-10-01,Consultant,free,persona_x_initial_plan,0,0,80,1,79,
2025-10-01,Consultant,plus,persona_x_initial_plan,0,0,15,0,15,
2025-10-01,Consultant,start,persona_x_initial_plan,0,0,105,0,105,
2025-10-01,Developer_IT,free,persona_x_initial_plan,0,0,35,1,34,
2025-10-01,Developer_IT,plus,persona_x_initial_plan,0,0,13,1,12,
2025-10-01,Developer_IT,start,persona_x_initial_plan,0,0,43,0,43,
2025-10-01,Media_Publishing,free,persona_x_initial_plan,0,0,15,0,15,
2025-10-01,Media_Publishing,plus,persona_x_initial_plan,0,0,1,0,1,
2025-10-01,Media_Publishing,start,persona_x_initial_plan,0,0,18,0,18,
2025-10-01,Medical_Professionals,free,persona_x_initial_plan,0,0,5,0,5,
2025-10-01,Medical_Professionals,plus,persona_x_initial_plan,0,0,1,0,1,
2025-10-01,Medical_Professionals,start,persona_x_initial_plan,0,0,8,0,8,
2025-10-01,Others,business,persona_x_initial_plan,0,0,6,1,5,
2025-10-01,Others,free,persona_x_initial_plan,0,0,59,0,59,
2025-10-01,Others,plus,persona_x_initial_plan,0,0,34,0,34,
2025-10-01,Others,start,persona_x_initial_plan,0,0,92,0,92,
2025-10-01,Professeur,free,persona_x_initial_plan,0,0,12,0,12,
2025-10-01,Professeur,plus,persona_x_initial_plan,0,0,1,0,1,
2025-10-01,Professeur,start,persona_x_initial_plan,0,0,21,0,21,
2025-10-01,Repair,free,persona_x_initial_plan,0,0,3,0,3,
2025-10-01,Repair,plus,persona_x_initial_plan,0,0,1,0,1,
2025-10-01,Repair,start,persona_x_initial_plan,0,0,4,0,4,
2025-10-01,Restauration,free,persona_x_initial_plan,0,0,9,0,9,
2025-10-01,Restauration,plus,persona_x_initial_plan,0,0,12,0,12,
2025-10-01,Restauration,start,persona_x_initial_plan,0,0,7,0,7,
2025-10-01,Retail,business,persona_x_initial_plan,0,0,1,1,0,
2025-10-01,Retail,free,persona_x_initial_plan,0,0,49,0,49,
2025-10-01,Retail,plus,persona_x_initial_plan,0,0,25,0,25,
2025-10-01,Retail,start,persona_x_initial_plan,0,0,82,0,82,
2025-10-01,Wholesale,business,persona_x_initial_plan,0,0,1,0,1,
2025-10-01,Wholesale,free,persona_x_initial_plan,0,0,6,0,6,
2025-10-01,Wholesale,plus,persona_x_initial_plan,0,0,3,0,3,
2025-10-01,Wholesale,start,persona_x_initial_plan,0,0,13,0,13,
2025-11-01,ALL,business,initial_plan,26,3,50,2,71,11.54
2025-11-01,ALL,free,initial_plan,405,10,926,4,1317,2.47
2025-11-01,ALL,plus,initial_plan,208,10,361,5,554,4.81
2025-11-01,ALL,start,initial_plan,548,11,1098,6,1629,2.01
2025-11-01,ALL,ALL,overall,1187,34,2435,17,3571,2.86
2025-11-01,Automobile_Trade_Repair,ALL,persona,53,2,94,1,144,3.77
2025-11-01,BTP,ALL,persona,238,11,450,3,674,4.62
2025-11-01,Bankers_Insurance,ALL,persona,15,0,32,0,47,0.0
2025-11-01,Bikers_Drivers,ALL,persona,98,5,157,1,249,5.1
2025-11-01,Cleaning_CallCenters,ALL,persona,6,0,16,0,22,0.0
2025-11-01,Consultant,ALL,persona,201,2,436,0,635,1.0
2025-11-01,Developer_IT,ALL,persona,89,4,230,3,312,4.49
2025-11-01,Media_Publishing,ALL,persona,34,0,89,0,123,0.0
2025-11-01,Medical_Professionals,ALL,persona,14,0,29,0,43,0.0
2025-11-01,Others,ALL,persona,190,3,361,5,543,1.58
2025-11-01,Professeur,ALL,persona,34,2,75,1,106,5.88
2025-11-01,Repair,ALL,persona,8,1,15,0,22,12.5
2025-11-01,Repair_Installation,ALL,persona,0,0,9,0,9,
2025-11-01,Restauration,ALL,persona,28,0,59,1,86,0.0
2025-11-01,Retail,ALL,persona,156,3,321,1,473,1.92
2025-11-01,Wholesale,ALL,persona,23,1,62,1,83,4.35
2025-11-01,Automobile_Trade_Repair,business,persona_x_initial_plan,5,0,5,1,9,0.0
2025-11-01,Automobile_Trade_Repair,free,persona_x_initial_plan,15,1,29,0,43,6.67
2025-11-01,Automobile_Trade_Repair,plus,persona_x_initial_plan,11,0,27,0,38,0.0
2025-11-01,Automobile_Trade_Repair,start,persona_x_initial_plan,22,1,33,0,54,4.55
2025-11-01,BTP,business,persona_x_initial_plan,8,1,12,0,19,12.5
2025-11-01,BTP,free,persona_x_initial_plan,72,1,147,0,218,1.39
2025-11-01,BTP,plus,persona_x_initial_plan,67,6,93,1,153,8.96
2025-11-01,BTP,start,persona_x_initial_plan,91,3,198,2,284,3.3
2025-11-01,Bankers_Insurance,free,persona_x_initial_plan,8,0,20,0,28,0.0
2025-11-01,Bankers_Insurance,start,persona_x_initial_plan,7,0,12,0,19,0.0
2025-11-01,Bikers_Drivers,business,persona_x_initial_plan,5,1,6,0,10,20.0
2025-11-01,Bikers_Drivers,free,persona_x_initial_plan,35,1,56,0,90,2.86
2025-11-01,Bikers_Drivers,plus,persona_x_initial_plan,25,1,33,1,56,4.0
2025-11-01,Bikers_Drivers,start,persona_x_initial_plan,33,2,62,0,93,6.06
2025-11-01,Cleaning_CallCenters,business,persona_x_initial_plan,0,0,1,0,1,
2025-11-01,Cleaning_CallCenters,free,persona_x_initial_plan,4,0,5,0,9,0.0
2025-11-01,Cleaning_CallCenters,plus,persona_x_initial_plan,0,0,4,0,4,
2025-11-01,Cleaning_CallCenters,start,persona_x_initial_plan,2,0,6,0,8,0.0
2025-11-01,Consultant,business,persona_x_initial_plan,2,1,5,0,6,50.0
2025-11-01,Consultant,free,persona_x_initial_plan,79,0,184,0,263,0.0
2025-11-01,Consultant,plus,persona_x_initial_plan,15,0,41,0,56,0.0
2025-11-01,Consultant,start,persona_x_initial_plan,105,1,206,0,310,0.95
2025-11-01,Developer_IT,business,persona_x_initial_plan,0,0,4,1,3,
2025-11-01,Developer_IT,free,persona_x_initial_plan,34,3,99,1,129,8.82
2025-11-01,Developer_IT,plus,persona_x_initial_plan,12,0,14,0,26,0.0
2025-11-01,Developer_IT,start,persona_x_initial_plan,43,1,113,1,154,2.33
2025-11-01,Media_Publishing,business,persona_x_initial_plan,0,0,1,0,1,
2025-11-01,Media_Publishing,free,persona_x_initial_plan,15,0,45,0,60,0.0
2025-11-01,Media_Publishing,plus,persona_x_initial_plan,1,0,7,0,8,0.0
2025-11-01,Media_Publishing,start,persona_x_initial_plan,18,0,36,0,54,0.0
2025-11-01,Medical_Professionals,free,persona_x_initial_plan,5,0,13,0,18,0.0
2025-11-01,Medical_Professionals,plus,persona_x_initial_plan,1,0,1,0,2,0.0
2025-11-01,Medical_Professionals,start,persona_x_initial_plan,8,0,15,0,23,0.0
2025-11-01,Others,business,persona_x_initial_plan,5,0,7,0,12,0.0
2025-11-01,Others,free,persona_x_initial_plan,59,0,131,1,189,0.0
2025-11-01,Others,plus,persona_x_initial_plan,34,2,63,3,92,5.88
2025-11-01,Others,start,persona_x_initial_plan,92,1,160,1,250,1.09
2025-11-01,Professeur,free,persona_x_initial_plan,12,1,39,1,49,8.33
2025-11-01,Professeur,plus,persona_x_initial_plan,1,0,7,0,8,0.0
2025-11-01,Professeur,start,persona_x_initial_plan,21,1,29,0,49,4.76
2025-11-01,Repair,free,persona_x_initial_plan,3,1,7,0,9,33.33
2025-11-01,Repair,plus,persona_x_initial_plan,1,0,0,0,1,0.0
2025-11-01,Repair,start,persona_x_initial_plan,4,0,8,0,12,0.0
2025-11-01,Repair_Installation,free,persona_x_initial_plan,0,0,3,0,3,
2025-11-01,Repair_Installation,plus,persona_x_initial_plan,0,0,1,0,1,
2025-11-01,Repair_Installation,start,persona_x_initial_plan,0,0,5,0,5,
2025-11-01,Restauration,free,persona_x_initial_plan,9,0,20,1,28,0.0
2025-11-01,Restauration,plus,persona_x_initial_plan,12,0,8,0,20,0.0
2025-11-01,Restauration,start,persona_x_initial_plan,7,0,31,0,38,0.0
2025-11-01,Retail,business,persona_x_initial_plan,0,0,5,0,5,
2025-11-01,Retail,free,persona_x_initial_plan,49,1,110,0,158,2.04
2025-11-01,Retail,plus,persona_x_initial_plan,25,1,45,0,69,4.0
2025-11-01,Retail,start,persona_x_initial_plan,82,1,161,1,241,1.22
2025-11-01,Wholesale,business,persona_x_initial_plan,1,0,4,0,5,0.0
2025-11-01,Wholesale,free,persona_x_initial_plan,6,1,18,0,23,16.67
2025-11-01,Wholesale,plus,persona_x_initial_plan,3,0,17,0,20,0.0
2025-11-01,Wholesale,start,persona_x_initial_plan,13,0,23,1,35,0.0
2025-12-01,ALL,business,initial_plan,71,7,65,20,109,9.86
2025-12-01,ALL,free,initial_plan,1317,27,1129,15,2404,2.05
2025-12-01,ALL,plus,initial_plan,554,25,357,5,881,4.51
2025-12-01,ALL,start,initial_plan,1629,28,1155,7,2749,1.72
2025-12-01,ALL,ALL,overall,3571,87,2706,47,6143,2.44
2025-12-01,Automobile_Trade_Repair,ALL,persona,144,3,123,2,262,2.08
2025-12-01,BTP,ALL,persona,674,14,461,9,1112,2.08
2025-12-01,Bankers_Insurance,ALL,persona,47,1,39,0,85,2.13
2025-12-01,Bikers_Drivers,ALL,persona,249,17,152,6,378,6.83
2025-12-01,Cleaning_CallCenters,ALL,persona,22,0,11,2,31,0.0
2025-12-01,Consultant,ALL,persona,635,13,459,6,1075,2.05
2025-12-01,Developer_IT,ALL,persona,312,2,231,1,540,0.64
2025-12-01,Media_Publishing,ALL,persona,123,1,109,0,231,0.81
2025-12-01,Medical_Professionals,ALL,persona,43,0,28,0,71,0.0
2025-12-01,Others,ALL,persona,543,14,452,11,970,2.58
2025-12-01,Professeur,ALL,persona,106,0,83,2,187,0.0
2025-12-01,Repair,ALL,persona,22,1,19,1,39,4.55
2025-12-01,Repair_Installation,ALL,persona,9,0,4,0,13,0.0
2025-12-01,Restauration,ALL,persona,86,1,81,1,165,1.16
2025-12-01,Retail,ALL,persona,473,19,387,6,835,4.02
2025-12-01,Wholesale,ALL,persona,83,1,67,0,149,1.2
2025-12-01,Automobile_Trade_Repair,business,persona_x_initial_plan,9,0,4,0,13,0.0
2025-12-01,Automobile_Trade_Repair,free,persona_x_initial_plan,43,0,30,2,71,0.0
2025-12-01,Automobile_Trade_Repair,plus,persona_x_initial_plan,38,0,25,0,63,0.0
2025-12-01,Automobile_Trade_Repair,start,persona_x_initial_plan,54,3,64,0,115,5.56
2025-12-01,BTP,business,persona_x_initial_plan,19,2,21,5,33,10.53
2025-12-01,BTP,free,persona_x_initial_plan,218,3,175,3,387,1.38
2025-12-01,BTP,plus,persona_x_initial_plan,153,5,96,1,243,3.27
2025-12-01,BTP,start,persona_x_initial_plan,284,4,169,0,449,1.41
2025-12-01,Bankers_Insurance,free,persona_x_initial_plan,28,1,26,0,53,3.57
2025-12-01,Bankers_Insurance,plus,persona_x_initial_plan,0,0,3,0,3,
2025-12-01,Bankers_Insurance,start,persona_x_initial_plan,19,0,10,0,29,0.0
2025-12-01,Bikers_Drivers,business,persona_x_initial_plan,10,2,5,1,12,20.0
2025-12-01,Bikers_Drivers,free,persona_x_initial_plan,90,6,62,2,144,6.67
2025-12-01,Bikers_Drivers,plus,persona_x_initial_plan,56,7,24,2,71,12.5
2025-12-01,Bikers_Drivers,start,persona_x_initial_plan,93,2,61,1,151,2.15
2025-12-01,Cleaning_CallCenters,business,persona_x_initial_plan,1,0,0,0,1,0.0
2025-12-01,Cleaning_CallCenters,free,persona_x_initial_plan,9,0,3,0,12,0.0
2025-12-01,Cleaning_CallCenters,plus,persona_x_initial_plan,4,0,4,1,7,0.0
2025-12-01,Cleaning_CallCenters,start,persona_x_initial_plan,8,0,4,1,11,0.0
2025-12-01,Consultant,business,persona_x_initial_plan,6,0,4,3,7,0.0
2025-12-01,Consultant,free,persona_x_initial_plan,263,6,222,2,477,2.28
2025-12-01,Consultant,plus,persona_x_initial_plan,56,4,28,1,79,7.14
2025-12-01,Consultant,start,persona_x_initial_plan,310,3,205,0,512,0.97
2025-12-01,Developer_IT,business,persona_x_initial_plan,3,0,0,0,3,0.0
2025-12-01,Developer_IT,free,persona_x_initial_plan,129,1,101,1,228,0.78
2025-12-01,Developer_IT,plus,persona_x_initial_plan,26,1,13,0,38,3.85
2025-12-01,Developer_IT,start,persona_x_initial_plan,154,0,117,0,271,0.0
2025-12-01,Media_Publishing,business,persona_x_initial_plan,1,0,1,0,2,0.0
2025-12-01,Media_Publishing,free,persona_x_initial_plan,60,1,55,0,114,1.67
2025-12-01,Media_Publishing,plus,persona_x_initial_plan,8,0,8,0,16,0.0
2025-12-01,Media_Publishing,start,persona_x_initial_plan,54,0,45,0,99,0.0
2025-12-01,Medical_Professionals,free,persona_x_initial_plan,18,0,11,0,29,0.0
2025-12-01,Medical_Professionals,plus,persona_x_initial_plan,2,0,3,0,5,0.0
2025-12-01,Medical_Professionals,start,persona_x_initial_plan,23,0,14,0,37,0.0
2025-12-01,Others,business,persona_x_initial_plan,12,2,18,8,20,16.67
2025-12-01,Others,free,persona_x_initial_plan,189,4,183,2,366,2.12
2025-12-01,Others,plus,persona_x_initial_plan,92,2,60,0,150,2.17
2025-12-01,Others,start,persona_x_initial_plan,250,6,191,1,434,2.4
2025-12-01,Professeur,business,persona_x_initial_plan,0,0,2,1,1,
2025-12-01,Professeur,free,persona_x_initial_plan,49,0,33,1,81,0.0
2025-12-01,Professeur,plus,persona_x_initial_plan,8,0,5,0,13,0.0
2025-12-01,Professeur,start,persona_x_initial_plan,49,0,43,0,92,0.0
2025-12-01,Repair,business,persona_x_initial_plan,0,0,1,1,0,
2025-12-01,Repair,free,persona_x_initial_plan,9,1,8,0,16,11.11
2025-12-01,Repair,plus,persona_x_initial_plan,1,0,2,0,3,0.0
2025-12-01,Repair,start,persona_x_initial_plan,12,0,8,0,20,0.0
2025-12-01,Repair_Installation,free,persona_x_initial_plan,3,0,2,0,5,0.0
2025-12-01,Repair_Installation,plus,persona_x_initial_plan,1,0,0,0,1,0.0
2025-12-01,Repair_Installation,start,persona_x_initial_plan,5,0,2,0,7,0.0
2025-12-01,Restauration,business,persona_x_initial_plan,0,0,1,0,1,
2025-12-01,Restauration,free,persona_x_initial_plan,28,0,34,1,61,0.0
2025-12-01,Restauration,plus,persona_x_initial_plan,20,0,13,0,33,0.0
2025-12-01,Restauration,start,persona_x_initial_plan,38,1,33,0,70,2.63
2025-12-01,Retail,business,persona_x_initial_plan,5,1,3,1,6,20.0
2025-12-01,Retail,free,persona_x_initial_plan,158,4,172,1,325,2.53
2025-12-01,Retail,plus,persona_x_initial_plan,69,5,57,0,121,7.25
2025-12-01,Retail,start,persona_x_initial_plan,241,9,155,4,383,3.73
2025-12-01,Wholesale,business,persona_x_initial_plan,5,0,5,0,10,0.0
2025-12-01,Wholesale,free,persona_x_initial_plan,23,0,12,0,35,0.0
2025-12-01,Wholesale,plus,persona_x_initial_plan,20,1,16,0,35,5.0
2025-12-01,Wholesale,start,persona_x_initial_plan,35,0,34,0,69,0.0
2026-01-01,ALL,business,initial_plan,109,9,53,2,151,8.26
2026-01-01,ALL,free,initial_plan,2404,32,1130,5,3497,1.33
2026-01-01,ALL,plus,initial_plan,881,32,357,3,1203,3.63
2026-01-01,ALL,start,initial_plan,2749,52,1211,7,3901,1.89
2026-01-01,ALL,ALL,overall,6143,125,2751,17,8752,2.03
2026-01-01,Automobile_Trade_Repair,ALL,persona,262,11,126,2,375,4.2
2026-01-01,BTP,ALL,persona,1112,24,491,5,1574,2.16
2026-01-01,Bankers_Insurance,ALL,persona,85,4,47,0,128,4.71
2026-01-01,Bikers_Drivers,ALL,persona,378,9,154,0,523,2.38
2026-01-01,Cleaning_CallCenters,ALL,persona,31,0,11,0,42,0.0
2026-01-01,Consultant,ALL,persona,1075,12,488,2,1549,1.12
2026-01-01,Developer_IT,ALL,persona,540,9,211,1,741,1.67
2026-01-01,Media_Publishing,ALL,persona,231,2,105,0,334,0.87
2026-01-01,Medical_Professionals,ALL,persona,71,1,30,0,100,1.41
2026-01-01,Others,ALL,persona,970,20,437,3,1384,2.06
2026-01-01,Professeur,ALL,persona,187,3,86,1,269,1.6
2026-01-01,Repair,ALL,persona,39,1,27,0,65,2.56
2026-01-01,Repair_Installation,ALL,persona,13,0,13,0,26,0.0
2026-01-01,Restauration,ALL,persona,165,4,78,0,239,2.42
2026-01-01,Retail,ALL,persona,835,24,389,2,1198,2.87
2026-01-01,Wholesale,ALL,persona,149,1,58,1,205,0.67
2026-01-01,Automobile_Trade_Repair,business,persona_x_initial_plan,13,1,3,0,15,7.69
2026-01-01,Automobile_Trade_Repair,free,persona_x_initial_plan,71,2,42,0,111,2.82
2026-01-01,Automobile_Trade_Repair,plus,persona_x_initial_plan,63,4,37,1,95,6.35
2026-01-01,Automobile_Trade_Repair,start,persona_x_initial_plan,115,4,44,1,154,3.48
2026-01-01,BTP,business,persona_x_initial_plan,33,3,15,1,44,9.09
2026-01-01,BTP,free,persona_x_initial_plan,387,5,191,2,571,1.29
2026-01-01,BTP,plus,persona_x_initial_plan,243,7,91,0,327,2.88
2026-01-01,BTP,start,persona_x_initial_plan,449,9,194,2,632,2.0
2026-01-01,Bankers_Insurance,free,persona_x_initial_plan,53,3,26,0,76,5.66
2026-01-01,Bankers_Insurance,plus,persona_x_initial_plan,3,0,3,0,6,0.0
2026-01-01,Bankers_Insurance,start,persona_x_initial_plan,29,1,18,0,46,3.45
2026-01-01,Bikers_Drivers,business,persona_x_initial_plan,12,1,7,0,18,8.33
2026-01-01,Bikers_Drivers,free,persona_x_initial_plan,144,2,44,0,186,1.39
2026-01-01,Bikers_Drivers,plus,persona_x_initial_plan,71,3,19,0,87,4.23
2026-01-01,Bikers_Drivers,start,persona_x_initial_plan,151,3,84,0,232,1.99
2026-01-01,Cleaning_CallCenters,business,persona_x_initial_plan,1,0,0,0,1,0.0
2026-01-01,Cleaning_CallCenters,free,persona_x_initial_plan,12,0,7,0,19,0.0
2026-01-01,Cleaning_CallCenters,plus,persona_x_initial_plan,7,0,1,0,8,0.0
2026-01-01,Cleaning_CallCenters,start,persona_x_initial_plan,11,0,3,0,14,0.0
2026-01-01,Consultant,business,persona_x_initial_plan,7,0,5,0,12,0.0
2026-01-01,Consultant,free,persona_x_initial_plan,477,3,226,0,700,0.63
2026-01-01,Consultant,plus,persona_x_initial_plan,79,1,38,1,115,1.27
2026-01-01,Consultant,start,persona_x_initial_plan,512,8,219,1,722,1.56
2026-01-01,Developer_IT,business,persona_x_initial_plan,3,0,5,0,8,0.0
2026-01-01,Developer_IT,free,persona_x_initial_plan,228,3,93,0,318,1.32
2026-01-01,Developer_IT,plus,persona_x_initial_plan,38,4,22,0,56,10.53
2026-01-01,Developer_IT,start,persona_x_initial_plan,271,2,91,1,359,0.74
2026-01-01,Media_Publishing,business,persona_x_initial_plan,2,0,0,0,2,0.0
2026-01-01,Media_Publishing,free,persona_x_initial_plan,114,1,43,0,156,0.88
2026-01-01,Media_Publishing,plus,persona_x_initial_plan,16,0,6,0,22,0.0
2026-01-01,Media_Publishing,start,persona_x_initial_plan,99,1,56,0,154,1.01
2026-01-01,Medical_Professionals,free,persona_x_initial_plan,29,0,9,0,38,0.0
2026-01-01,Medical_Professionals,plus,persona_x_initial_plan,5,0,2,0,7,0.0
2026-01-01,Medical_Professionals,start,persona_x_initial_plan,37,1,19,0,55,2.7
2026-01-01,Others,business,persona_x_initial_plan,20,3,10,1,26,15.0
2026-01-01,Others,free,persona_x_initial_plan,366,5,185,1,545,1.37
2026-01-01,Others,plus,persona_x_initial_plan,150,4,57,1,202,2.67
2026-01-01,Others,start,persona_x_initial_plan,434,8,185,0,611,1.84
2026-01-01,Professeur,business,persona_x_initial_plan,1,0,1,0,2,0.0
2026-01-01,Professeur,free,persona_x_initial_plan,81,2,40,0,119,2.47
2026-01-01,Professeur,plus,persona_x_initial_plan,13,0,3,0,16,0.0
2026-01-01,Professeur,start,persona_x_initial_plan,92,1,42,1,132,1.09
2026-01-01,Repair,business,persona_x_initial_plan,0,0,0,0,0,
2026-01-01,Repair,free,persona_x_initial_plan,16,0,15,0,31,0.0
2026-01-01,Repair,plus,persona_x_initial_plan,3,0,3,0,6,0.0
2026-01-01,Repair,start,persona_x_initial_plan,20,1,9,0,28,5.0
2026-01-01,Repair_Installation,free,persona_x_initial_plan,5,0,3,0,8,0.0
2026-01-01,Repair_Installation,plus,persona_x_initial_plan,1,0,3,0,4,0.0
2026-01-01,Repair_Installation,start,persona_x_initial_plan,7,0,7,0,14,0.0
2026-01-01,Restauration,business,persona_x_initial_plan,1,1,1,0,1,100.0
2026-01-01,Restauration,free,persona_x_initial_plan,61,0,28,0,89,0.0
2026-01-01,Restauration,plus,persona_x_initial_plan,33,2,15,0,46,6.06
2026-01-01,Restauration,start,persona_x_initial_plan,70,1,34,0,103,1.43
2026-01-01,Retail,business,persona_x_initial_plan,6,0,5,0,11,0.0
2026-01-01,Retail,free,persona_x_initial_plan,325,6,159,1,477,1.85
2026-01-01,Retail,plus,persona_x_initial_plan,121,7,46,0,160,5.79
2026-01-01,Retail,start,persona_x_initial_plan,383,11,179,1,550,2.87
2026-01-01,Wholesale,business,persona_x_initial_plan,10,0,1,0,11,0.0
2026-01-01,Wholesale,free,persona_x_initial_plan,35,0,19,1,53,0.0
2026-01-01,Wholesale,plus,persona_x_initial_plan,35,0,11,0,46,0.0
2026-01-01,Wholesale,start,persona_x_initial_plan,69,1,27,0,95,1.45
2026-02-01,ALL,business,initial_plan,151,4,61,3,205,2.65
2026-02-01,ALL,free,initial_plan,3497,43,1289,9,4734,1.23
2026-02-01,ALL,plus,initial_plan,1203,46,396,5,1548,3.82
2026-02-01,ALL,start,initial_plan,3901,76,1482,7,5300,1.95
2026-02-01,ALL,ALL,overall,8752,169,3228,24,11787,1.93
2026-02-01,Automobile_Trade_Repair,ALL,persona,375,10,130,0,495,2.67
2026-02-01,BTP,ALL,persona,1574,28,624,3,2167,1.78
2026-02-01,Bankers_Insurance,ALL,persona,128,0,57,0,185,0.0
2026-02-01,Bikers_Drivers,ALL,persona,523,17,164,1,669,3.25
2026-02-01,Cleaning_CallCenters,ALL,persona,42,0,26,0,68,0.0
2026-02-01,Consultant,ALL,persona,1549,18,562,5,2088,1.16
2026-02-01,Developer_IT,ALL,persona,741,7,266,1,999,0.94
2026-02-01,Media_Publishing,ALL,persona,334,3,114,0,445,0.9
2026-02-01,Medical_Professionals,ALL,persona,100,1,41,0,140,1.0
2026-02-01,Others,ALL,persona,1384,26,517,6,1869,1.88
2026-02-01,Professeur,ALL,persona,269,2,92,2,357,0.74
2026-02-01,Repair,ALL,persona,65,1,11,1,74,1.54
2026-02-01,Repair_Installation,ALL,persona,26,0,2,0,28,0.0
2026-02-01,Restauration,ALL,persona,239,4,85,0,320,1.67
2026-02-01,Retail,ALL,persona,1198,45,451,4,1600,3.76
2026-02-01,Wholesale,ALL,persona,205,7,86,1,283,3.41
2026-02-01,Automobile_Trade_Repair,business,persona_x_initial_plan,15,0,3,0,18,0.0
2026-02-01,Automobile_Trade_Repair,free,persona_x_initial_plan,111,2,29,0,138,1.8
2026-02-01,Automobile_Trade_Repair,plus,persona_x_initial_plan,95,5,26,0,116,5.26
2026-02-01,Automobile_Trade_Repair,start,persona_x_initial_plan,154,3,72,0,223,1.95
2026-02-01,BTP,business,persona_x_initial_plan,44,0,22,0,66,0.0
2026-02-01,BTP,free,persona_x_initial_plan,571,6,243,1,807,1.05
2026-02-01,BTP,plus,persona_x_initial_plan,327,7,109,1,428,2.14
2026-02-01,BTP,start,persona_x_initial_plan,632,15,250,1,866,2.37
2026-02-01,Bankers_Insurance,free,persona_x_initial_plan,76,0,29,0,105,0.0
2026-02-01,Bankers_Insurance,plus,persona_x_initial_plan,6,0,2,0,8,0.0
2026-02-01,Bankers_Insurance,start,persona_x_initial_plan,46,0,26,0,72,0.0
2026-02-01,Bikers_Drivers,business,persona_x_initial_plan,18,0,7,0,25,0.0
2026-02-01,Bikers_Drivers,free,persona_x_initial_plan,186,3,39,0,222,1.61
2026-02-01,Bikers_Drivers,plus,persona_x_initial_plan,87,3,29,0,113,3.45
2026-02-01,Bikers_Drivers,start,persona_x_initial_plan,232,11,89,1,309,4.74
2026-02-01,Cleaning_CallCenters,business,persona_x_initial_plan,1,0,1,0,2,0.0
2026-02-01,Cleaning_CallCenters,free,persona_x_initial_plan,19,0,5,0,24,0.0
2026-02-01,Cleaning_CallCenters,plus,persona_x_initial_plan,8,0,5,0,13,0.0
2026-02-01,Cleaning_CallCenters,start,persona_x_initial_plan,14,0,15,0,29,0.0
2026-02-01,Consultant,business,persona_x_initial_plan,12,2,5,0,15,16.67
2026-02-01,Consultant,free,persona_x_initial_plan,700,7,262,2,953,1.0
2026-02-01,Consultant,plus,persona_x_initial_plan,115,2,49,3,159,1.74
2026-02-01,Consultant,start,persona_x_initial_plan,722,7,246,0,961,0.97
2026-02-01,Developer_IT,business,persona_x_initial_plan,8,0,5,0,13,0.0
2026-02-01,Developer_IT,free,persona_x_initial_plan,318,4,123,0,437,1.26
2026-02-01,Developer_IT,plus,persona_x_initial_plan,56,2,23,0,77,3.57
2026-02-01,Developer_IT,start,persona_x_initial_plan,359,1,115,1,472,0.28
2026-02-01,Media_Publishing,business,persona_x_initial_plan,2,0,1,0,3,0.0
2026-02-01,Media_Publishing,free,persona_x_initial_plan,156,2,50,0,204,1.28
2026-02-01,Media_Publishing,plus,persona_x_initial_plan,22,1,8,0,29,4.55
2026-02-01,Media_Publishing,start,persona_x_initial_plan,154,0,55,0,209,0.0
2026-02-01,Medical_Professionals,free,persona_x_initial_plan,38,0,17,0,55,0.0
2026-02-01,Medical_Professionals,plus,persona_x_initial_plan,7,0,3,0,10,0.0
2026-02-01,Medical_Professionals,start,persona_x_initial_plan,55,1,21,0,75,1.82
2026-02-01,Others,business,persona_x_initial_plan,26,1,7,1,31,3.85
2026-02-01,Others,free,persona_x_initial_plan,545,6,194,1,732,1.1
2026-02-01,Others,plus,persona_x_initial_plan,202,12,66,1,255,5.94
2026-02-01,Others,start,persona_x_initial_plan,611,7,250,3,851,1.15
2026-02-01,Professeur,business,persona_x_initial_plan,2,0,1,0,3,0.0
2026-02-01,Professeur,free,persona_x_initial_plan,119,0,41,2,158,0.0
2026-02-01,Professeur,plus,persona_x_initial_plan,16,1,4,0,19,6.25
2026-02-01,Professeur,start,persona_x_initial_plan,132,1,46,0,177,0.76
2026-02-01,Repair,business,persona_x_initial_plan,0,0,0,0,0,
2026-02-01,Repair,free,persona_x_initial_plan,31,0,7,1,37,0.0
2026-02-01,Repair,plus,persona_x_initial_plan,6,0,2,0,8,0.0
2026-02-01,Repair,start,persona_x_initial_plan,28,1,2,0,29,3.57
2026-02-01,Repair_Installation,free,persona_x_initial_plan,8,0,0,0,8,0.0
2026-02-01,Repair_Installation,plus,persona_x_initial_plan,4,0,0,0,4,0.0
2026-02-01,Repair_Installation,start,persona_x_initial_plan,14,0,2,0,16,0.0
2026-02-01,Restauration,business,persona_x_initial_plan,1,0,0,0,1,0.0
2026-02-01,Restauration,free,persona_x_initial_plan,89,1,31,0,119,1.12
2026-02-01,Restauration,plus,persona_x_initial_plan,46,0,13,0,59,0.0
2026-02-01,Restauration,start,persona_x_initial_plan,103,3,41,0,141,2.91
2026-02-01,Retail,business,persona_x_initial_plan,11,1,8,2,16,9.09
2026-02-01,Retail,free,persona_x_initial_plan,477,11,193,2,657,2.31
2026-02-01,Retail,plus,persona_x_initial_plan,160,10,41,0,191,6.25
2026-02-01,Retail,start,persona_x_initial_plan,550,23,209,0,736,4.18
2026-02-01,Wholesale,business,persona_x_initial_plan,11,0,1,0,12,0.0
2026-02-01,Wholesale,free,persona_x_initial_plan,53,1,26,0,78,1.89
2026-02-01,Wholesale,plus,persona_x_initial_plan,46,3,16,0,59,6.52
2026-02-01,Wholesale,start,persona_x_initial_plan,95,3,43,1,134,3.16
2026-03-01,ALL,business,initial_plan,205,14,40,1,230,6.83
2026-03-01,ALL,free,initial_plan,4734,53,978,6,5653,1.12
2026-03-01,ALL,plus,initial_plan,1548,29,289,2,1806,1.87
2026-03-01,ALL,start,initial_plan,5300,75,1132,15,6342,1.42
2026-03-01,ALL,ALL,overall,11787,171,2439,24,14031,1.45
2026-03-01,Automobile_Trade_Repair,ALL,persona,495,10,115,2,598,2.02
2026-03-01,BTP,ALL,persona,2167,21,378,5,2519,0.97
2026-03-01,Bankers_Insurance,ALL,persona,185,1,28,1,211,0.54
2026-03-01,Bikers_Drivers,ALL,persona,669,21,148,2,794,3.14
2026-03-01,Cleaning_CallCenters,ALL,persona,68,2,15,0,81,2.94
2026-03-01,Consultant,ALL,persona,2088,25,442,2,2503,1.2
2026-03-01,Developer_IT,ALL,persona,999,7,195,1,1186,0.7
2026-03-01,Media_Publishing,ALL,persona,445,5,92,0,532,1.12
2026-03-01,Medical_Professionals,ALL,persona,140,3,38,2,173,2.14
2026-03-01,Others,ALL,persona,1869,32,453,4,2286,1.71
2026-03-01,Professeur,ALL,persona,357,6,81,0,432,1.68
2026-03-01,Repair,ALL,persona,74,0,18,0,92,0.0
2026-03-01,Repair_Installation,ALL,persona,28,1,5,0,32,3.57
2026-03-01,Restauration,ALL,persona,320,3,58,0,375,0.94
2026-03-01,Retail,ALL,persona,1600,31,311,5,1875,1.94
2026-03-01,Wholesale,ALL,persona,283,3,62,0,342,1.06
2026-03-01,Automobile_Trade_Repair,business,persona_x_initial_plan,18,0,3,0,21,0.0
2026-03-01,Automobile_Trade_Repair,free,persona_x_initial_plan,138,5,30,0,163,3.62
2026-03-01,Automobile_Trade_Repair,plus,persona_x_initial_plan,116,1,17,0,132,0.86
2026-03-01,Automobile_Trade_Repair,start,persona_x_initial_plan,223,4,65,2,282,1.79
2026-03-01,BTP,business,persona_x_initial_plan,66,2,12,0,76,3.03
2026-03-01,BTP,free,persona_x_initial_plan,807,5,140,3,939,0.62
2026-03-01,BTP,plus,persona_x_initial_plan,428,5,71,0,494,1.17
2026-03-01,BTP,start,persona_x_initial_plan,866,9,155,2,1010,1.04
2026-03-01,Bankers_Insurance,free,persona_x_initial_plan,105,1,18,0,122,0.95
2026-03-01,Bankers_Insurance,plus,persona_x_initial_plan,8,0,4,1,11,0.0
2026-03-01,Bankers_Insurance,start,persona_x_initial_plan,72,0,6,0,78,0.0
2026-03-01,Bikers_Drivers,business,persona_x_initial_plan,25,3,2,0,24,12.0
2026-03-01,Bikers_Drivers,free,persona_x_initial_plan,222,5,55,0,272,2.25
2026-03-01,Bikers_Drivers,plus,persona_x_initial_plan,113,6,23,0,130,5.31
2026-03-01,Bikers_Drivers,start,persona_x_initial_plan,309,7,68,2,368,2.27
2026-03-01,Cleaning_CallCenters,business,persona_x_initial_plan,2,0,0,0,2,0.0
2026-03-01,Cleaning_CallCenters,free,persona_x_initial_plan,24,0,8,0,32,0.0
2026-03-01,Cleaning_CallCenters,plus,persona_x_initial_plan,13,1,2,0,14,7.69
2026-03-01,Cleaning_CallCenters,start,persona_x_initial_plan,29,1,5,0,33,3.45
2026-03-01,Consultant,business,persona_x_initial_plan,15,0,7,0,22,0.0
2026-03-01,Consultant,free,persona_x_initial_plan,953,10,189,0,1132,1.05
2026-03-01,Consultant,plus,persona_x_initial_plan,159,3,33,1,188,1.89
2026-03-01,Consultant,start,persona_x_initial_plan,961,12,213,1,1161,1.25
2026-03-01,Developer_IT,business,persona_x_initial_plan,13,0,2,0,15,0.0
2026-03-01,Developer_IT,free,persona_x_initial_plan,437,2,93,1,527,0.46
2026-03-01,Developer_IT,plus,persona_x_initial_plan,77,3,15,0,89,3.9
2026-03-01,Developer_IT,start,persona_x_initial_plan,472,2,85,0,555,0.42
2026-03-01,Media_Publishing,business,persona_x_initial_plan,3,0,0,0,3,0.0
2026-03-01,Media_Publishing,free,persona_x_initial_plan,204,2,34,0,236,0.98
2026-03-01,Media_Publishing,plus,persona_x_initial_plan,29,0,4,0,33,0.0
2026-03-01,Media_Publishing,start,persona_x_initial_plan,209,3,54,0,260,1.44
2026-03-01,Medical_Professionals,free,persona_x_initial_plan,55,2,23,0,76,3.64
2026-03-01,Medical_Professionals,plus,persona_x_initial_plan,10,0,0,0,10,0.0
2026-03-01,Medical_Professionals,start,persona_x_initial_plan,75,1,15,2,87,1.33
2026-03-01,Others,business,persona_x_initial_plan,31,6,6,0,31,19.35
2026-03-01,Others,free,persona_x_initial_plan,732,5,175,1,901,0.68
2026-03-01,Others,plus,persona_x_initial_plan,255,6,59,0,308,2.35
2026-03-01,Others,start,persona_x_initial_plan,851,15,213,3,1046,1.76
2026-03-01,Professeur,business,persona_x_initial_plan,3,1,0,0,2,33.33
2026-03-01,Professeur,free,persona_x_initial_plan,158,2,33,0,189,1.27
2026-03-01,Professeur,plus,persona_x_initial_plan,19,0,7,0,26,0.0
2026-03-01,Professeur,start,persona_x_initial_plan,177,3,41,0,215,1.69
2026-03-01,Repair,business,persona_x_initial_plan,0,0,0,0,0,
2026-03-01,Repair,free,persona_x_initial_plan,37,0,12,0,49,0.0
2026-03-01,Repair,plus,persona_x_initial_plan,8,0,2,0,10,0.0
2026-03-01,Repair,start,persona_x_initial_plan,29,0,4,0,33,0.0
2026-03-01,Repair_Installation,business,persona_x_initial_plan,0,0,1,0,1,
2026-03-01,Repair_Installation,free,persona_x_initial_plan,8,0,3,0,11,0.0
2026-03-01,Repair_Installation,plus,persona_x_initial_plan,4,0,0,0,4,0.0
2026-03-01,Repair_Installation,start,persona_x_initial_plan,16,1,1,0,16,6.25
2026-03-01,Restauration,business,persona_x_initial_plan,1,0,1,0,2,0.0
2026-03-01,Restauration,free,persona_x_initial_plan,119,2,17,0,134,1.68
2026-03-01,Restauration,plus,persona_x_initial_plan,59,0,9,0,68,0.0
2026-03-01,Restauration,start,persona_x_initial_plan,141,1,31,0,171,0.71
2026-03-01,Retail,business,persona_x_initial_plan,16,2,4,1,17,12.5
2026-03-01,Retail,free,persona_x_initial_plan,657,11,126,1,771,1.67
2026-03-01,Retail,plus,persona_x_initial_plan,191,4,29,0,216,2.09
2026-03-01,Retail,start,persona_x_initial_plan,736,14,152,3,871,1.9
2026-03-01,Wholesale,business,persona_x_initial_plan,12,0,2,0,14,0.0
2026-03-01,Wholesale,free,persona_x_initial_plan,78,1,22,0,99,1.28
2026-03-01,Wholesale,plus,persona_x_initial_plan,59,0,14,0,73,0.0
2026-03-01,Wholesale,start,persona_x_initial_plan,134,2,24,0,156,1.49
2026-04-01,ALL,business,initial_plan,230,19,53,1,263,8.26
2026-04-01,ALL,free,initial_plan,5653,75,1271,12,6837,1.33
2026-04-01,ALL,plus,initial_plan,1806,45,308,4,2065,2.49
2026-04-01,ALL,start,initial_plan,6342,98,1240,11,7473,1.55
2026-04-01,ALL,ALL,overall,14031,237,2872,28,16638,1.69
2026-04-01,Automobile_Trade_Repair,ALL,persona,598,11,98,2,683,1.84
2026-04-01,BTP,ALL,persona,2519,48,497,4,2964,1.91
2026-04-01,Bankers_Insurance,ALL,persona,211,3,58,0,266,1.42
2026-04-01,Bikers_Drivers,ALL,persona,794,19,174,3,946,2.39
2026-04-01,Cleaning_CallCenters,ALL,persona,81,1,10,0,90,1.23
2026-04-01,Consultant,ALL,persona,2503,28,485,2,2958,1.12
2026-04-01,Developer_IT,ALL,persona,1186,26,211,3,1368,2.19
2026-04-01,Media_Publishing,ALL,persona,532,4,104,1,631,0.75
2026-04-01,Medical_Professionals,ALL,persona,173,4,43,0,212,2.31
2026-04-01,Others,ALL,persona,2286,38,523,9,2762,1.66
2026-04-01,Professeur,ALL,persona,432,7,93,0,518,1.62
2026-04-01,Repair,ALL,persona,92,2,22,1,111,2.17
2026-04-01,Repair_Installation,ALL,persona,32,0,5,0,37,0.0
2026-04-01,Restauration,ALL,persona,375,5,82,0,452,1.33
2026-04-01,Retail,ALL,persona,1875,31,390,2,2232,1.65
2026-04-01,Wholesale,ALL,persona,342,10,77,1,408,2.92
2026-04-01,Automobile_Trade_Repair,business,persona_x_initial_plan,21,0,3,0,24,0.0
2026-04-01,Automobile_Trade_Repair,free,persona_x_initial_plan,163,3,28,0,188,1.84
2026-04-01,Automobile_Trade_Repair,plus,persona_x_initial_plan,132,3,18,0,147,2.27
2026-04-01,Automobile_Trade_Repair,start,persona_x_initial_plan,282,5,49,2,324,1.77
2026-04-01,BTP,business,persona_x_initial_plan,76,4,14,0,86,5.26
2026-04-01,BTP,free,persona_x_initial_plan,939,12,209,2,1134,1.28
2026-04-01,BTP,plus,persona_x_initial_plan,494,11,79,1,561,2.23
2026-04-01,BTP,start,persona_x_initial_plan,1010,21,195,1,1183,2.08
2026-04-01,Bankers_Insurance,business,persona_x_initial_plan,0,0,1,0,1,
2026-04-01,Bankers_Insurance,free,persona_x_initial_plan,122,2,30,0,150,1.64
2026-04-01,Bankers_Insurance,plus,persona_x_initial_plan,11,0,3,0,14,0.0
2026-04-01,Bankers_Insurance,start,persona_x_initial_plan,78,1,24,0,101,1.28
2026-04-01,Bikers_Drivers,business,persona_x_initial_plan,24,3,6,0,27,12.5
2026-04-01,Bikers_Drivers,free,persona_x_initial_plan,272,3,69,1,337,1.1
2026-04-01,Bikers_Drivers,plus,persona_x_initial_plan,130,3,20,0,147,2.31
2026-04-01,Bikers_Drivers,start,persona_x_initial_plan,368,10,79,2,435,2.72
2026-04-01,Cleaning_CallCenters,business,persona_x_initial_plan,2,0,0,0,2,0.0
2026-04-01,Cleaning_CallCenters,free,persona_x_initial_plan,32,0,3,0,35,0.0
2026-04-01,Cleaning_CallCenters,plus,persona_x_initial_plan,14,1,2,0,15,7.14
2026-04-01,Cleaning_CallCenters,start,persona_x_initial_plan,33,0,5,0,38,0.0
2026-04-01,Consultant,business,persona_x_initial_plan,22,1,3,1,23,4.55
2026-04-01,Consultant,free,persona_x_initial_plan,1132,10,234,0,1356,0.88
2026-04-01,Consultant,plus,persona_x_initial_plan,188,4,28,0,212,2.13
2026-04-01,Consultant,start,persona_x_initial_plan,1161,13,220,1,1367,1.12
2026-04-01,Developer_IT,business,persona_x_initial_plan,15,3,5,0,17,20.0
2026-04-01,Developer_IT,free,persona_x_initial_plan,527,9,110,1,627,1.71
2026-04-01,Developer_IT,plus,persona_x_initial_plan,89,6,19,2,100,6.74
2026-04-01,Developer_IT,start,persona_x_initial_plan,555,8,77,0,624,1.44
2026-04-01,Media_Publishing,business,persona_x_initial_plan,3,0,1,0,4,0.0
2026-04-01,Media_Publishing,free,persona_x_initial_plan,236,2,48,1,281,0.85
2026-04-01,Media_Publishing,plus,persona_x_initial_plan,33,1,5,0,37,3.03
2026-04-01,Media_Publishing,start,persona_x_initial_plan,260,1,50,0,309,0.38
2026-04-01,Medical_Professionals,free,persona_x_initial_plan,76,2,21,0,95,2.63
2026-04-01,Medical_Professionals,plus,persona_x_initial_plan,10,0,0,0,10,0.0
2026-04-01,Medical_Professionals,start,persona_x_initial_plan,87,2,22,0,107,2.3
2026-04-01,Others,business,persona_x_initial_plan,31,3,9,0,37,9.68
2026-04-01,Others,free,persona_x_initial_plan,901,13,229,5,1112,1.44
2026-04-01,Others,plus,persona_x_initial_plan,308,6,59,0,361,1.95
2026-04-01,Others,start,persona_x_initial_plan,1046,16,226,4,1252,1.53
2026-04-01,Professeur,business,persona_x_initial_plan,2,0,0,0,2,0.0
2026-04-01,Professeur,free,persona_x_initial_plan,189,1,52,0,240,0.53
2026-04-01,Professeur,plus,persona_x_initial_plan,26,0,6,0,32,0.0
2026-04-01,Professeur,start,persona_x_initial_plan,215,6,35,0,244,2.79
2026-04-01,Repair,business,persona_x_initial_plan,0,0,0,0,0,
2026-04-01,Repair,free,persona_x_initial_plan,49,2,11,1,57,4.08
2026-04-01,Repair,plus,persona_x_initial_plan,10,0,2,0,12,0.0
2026-04-01,Repair,start,persona_x_initial_plan,33,0,9,0,42,0.0
2026-04-01,Repair_Installation,business,persona_x_initial_plan,1,0,0,0,1,0.0
2026-04-01,Repair_Installation,free,persona_x_initial_plan,11,0,1,0,12,0.0
2026-04-01,Repair_Installation,plus,persona_x_initial_plan,4,0,2,0,6,0.0
2026-04-01,Repair_Installation,start,persona_x_initial_plan,16,0,2,0,18,0.0
2026-04-01,Restauration,business,persona_x_initial_plan,2,0,0,0,2,0.0
2026-04-01,Restauration,free,persona_x_initial_plan,134,1,19,0,152,0.75
2026-04-01,Restauration,plus,persona_x_initial_plan,68,1,7,0,74,1.47
2026-04-01,Restauration,start,persona_x_initial_plan,171,3,56,0,224,1.75
2026-04-01,Retail,business,persona_x_initial_plan,17,2,6,0,21,11.76
2026-04-01,Retail,free,persona_x_initial_plan,771,15,176,0,932,1.95
2026-04-01,Retail,plus,persona_x_initial_plan,216,6,44,1,253,2.78
2026-04-01,Retail,start,persona_x_initial_plan,871,8,164,1,1026,0.92
2026-04-01,Wholesale,business,persona_x_initial_plan,14,3,5,0,16,21.43
2026-04-01,Wholesale,free,persona_x_initial_plan,99,0,31,1,129,0.0
2026-04-01,Wholesale,plus,persona_x_initial_plan,73,3,14,0,84,4.11
2026-04-01,Wholesale,start,persona_x_initial_plan,156,4,27,0,179,2.56
