persona,initial_subscription_group,segment_level,eligible_companies,top_10pct_companies,segment_revenue,top_10pct_revenue,segment_top_10pct_penetration_pct,top_10pct_company_mix_pct,base_company_mix_pct,company_representation_index,share_of_all_top_10pct_revenue_pct
ALL,start,initial_plan,4012,360,592712.39207429053097267736,256120.30679085228555363783,8.97,39.6,44.15,0.9,38.36
ALL,plus,initial_plan,1286,319,369413.62061537851499119754,233296.41916677845696162667,24.81,35.09,14.15,2.48,34.94
ALL,free,initial_plan,3594,144,290124.13857219247722355711,107278.66460609345164625879,4.01,15.84,39.55,0.4,16.07
ALL,business,initial_plan,196,86,93577.77577093821424467150,71035.77536240681172478870,43.88,9.46,2.16,4.39,10.64
ALL,ALL,overall,9088,909,1345827.92703279973743210351,667731.16592613100588631199,10.0,100.0,100.0,1.0,100.0
BTP,ALL,persona,1642,265,347088.01892371928426179907,213250.65152276110118626242,16.14,29.15,18.07,1.61,31.94
Consultant,ALL,persona,1585,139,217206.51460247821623578544,102981.08578403126041832444,8.77,15.29,17.44,0.88,15.42
Retail,ALL,persona,1254,104,168570.77912833359822450042,79293.14107811994872914359,8.29,11.44,13.8,0.83,11.88
Others,ALL,persona,1441,97,164305.47295276827952148582,62276.88653077454232134440,6.73,10.67,15.86,0.67,9.33
Developer_IT,ALL,persona,763,69,102405.62869155670950824259,40651.10266516010156865890,9.04,7.59,8.4,0.9,6.09
Automobile_Trade_Repair,ALL,persona,396,63,75544.77632128346278340974,45414.51385705970112444610,15.91,6.93,4.36,1.59,6.8
Bikers_Drivers,ALL,persona,563,42,69429.40964675161814383144,26824.79241939759059052860,7.46,4.62,6.19,0.75,4.02
Restauration,ALL,persona,246,36,44264.89415324365055796559,25009.06562595642505213700,14.63,3.96,2.71,1.46,3.75
Wholesale,ALL,persona,210,28,42415.99632784212202135619,24270.77865044264459307966,13.33,3.08,2.31,1.33,3.63
Media_Publishing,ALL,persona,337,24,39129.74762969449288326435,16315.82264899589640527700,7.12,2.64,3.71,0.71,2.44
Bankers_Insurance,ALL,persona,133,16,21158.67622200050913042591,12295.11637582890394531400,12.03,1.76,1.46,1.2,1.84
Professeur,ALL,persona,278,12,26295.13680882584251231327,8715.88444866379636834548,4.32,1.32,3.06,0.43,1.31
Cleaning_CallCenters,ALL,persona,44,5,6059.06288415851939869262,2998.70209892728349714840,11.36,0.55,0.48,1.14,0.45
Medical_Professionals,ALL,persona,101,5,11833.37642834858000317047,5021.90421639559876321900,4.95,0.55,1.11,0.49,0.75
Repair_Installation,ALL,persona,26,4,5284.58964821007598008400,2411.71800361621132308300,15.38,0.44,0.29,1.54,0.36
Repair,ALL,persona,69,0,4835.84666358477626577659,,0.0,0.0,0.76,0.0,0.0
BTP,plus,persona_x_initial_plan,348,100,110926.98416576917194601753,74202.90440103447426613700,28.74,11.0,3.83,2.87,11.11
BTP,start,persona_x_initial_plan,652,85,120446.76106966168002798826,61130.27342696729677236690,13.04,9.35,7.17,1.3,9.15
Consultant,start,persona_x_initial_plan,735,71,117386.61466546121455782353,53890.13464142808381502893,9.66,7.81,8.09,0.97,8.07
BTP,free,persona_x_initial_plan,586,52,80111.00004436967887430409,48799.41469275081861170583,8.87,5.72,6.45,0.89,7.31
Retail,start,persona_x_initial_plan,577,51,86314.00345952415596633861,41567.64630413700123484190,8.84,5.61,6.35,0.88,6.23
Consultant,plus,persona_x_initial_plan,122,37,39004.42807190964664844221,26270.00246895324566520240,30.33,4.07,1.34,3.03,3.93
Retail,plus,persona_x_initial_plan,173,37,46732.19194266145785214212,26921.25112644622697517169,21.39,4.07,1.9,2.14,4.03
Developer_IT,start,persona_x_initial_plan,364,36,50737.68618920601385624018,19071.56409939500878294700,9.89,3.96,4.01,0.99,2.86
Others,start,persona_x_initial_plan,628,36,72675.90166557227058619155,22852.08110152900127471980,5.73,3.96,6.91,0.57,3.42
Others,plus,persona_x_initial_plan,214,34,45279.01011108816369848771,24014.21295133634808237520,15.89,3.74,2.35,1.59,3.6
Automobile_Trade_Repair,plus,persona_x_initial_plan,100,32,31725.27394491467223956467,22323.48305070130072893390,32.0,3.52,1.1,3.2,3.34
BTP,business,persona_x_initial_plan,56,28,35603.27364391875341348919,29118.05900200851153605269,50.0,3.08,0.62,5.0,4.36
Consultant,free,persona_x_initial_plan,712,27,56314.88201170333327145394,20655.42055376144376846010,3.79,2.97,7.83,0.38,3.09
Restauration,plus,persona_x_initial_plan,48,19,19882.60355360529123778907,15564.27323749830019912900,39.58,2.09,0.53,3.96,2.33
Automobile_Trade_Repair,start,persona_x_initial_plan,163,17,25896.52458443166689435441,11950.84113100334264359130,10.43,1.87,1.79,1.04,1.79
Developer_IT,free,persona_x_initial_plan,328,16,31007.92598250749923165045,9048.62835463170061810800,4.88,1.76,3.61,0.49,1.36
Bikers_Drivers,plus,persona_x_initial_plan,102,15,18493.30515902013747313299,6284.05201549457017580170,14.71,1.65,1.12,1.47,0.94
Media_Publishing,start,persona_x_initial_plan,155,15,23893.27400153531666614723,10429.02090433501069145700,9.68,1.65,1.71,0.97,1.56
Others,free,persona_x_initial_plan,558,15,33332.93096119432819195296,7795.44082200489573072830,2.69,1.65,6.14,0.27,1.17
Developer_IT,plus,persona_x_initial_plan,62,14,16755.78748545996344378610,10244.36126119171611946390,22.58,1.54,0.68,2.26,1.53
Bikers_Drivers,business,persona_x_initial_plan,23,13,12532.28764375591847747078,10805.98051838401308131690,56.52,1.43,0.25,5.65,1.62
Restauration,start,persona_x_initial_plan,105,13,16499.28678172899612730276,7188.64363719129234032200,12.38,1.43,1.16,1.24,1.08
Others,business,persona_x_initial_plan,41,12,13017.63021491351704485360,7615.15165590429723352110,29.27,1.32,0.45,2.93,1.14
Automobile_Trade_Repair,business,persona_x_initial_plan,17,11,10962.46197720176612746361,9852.87949488234500195200,64.71,1.21,0.19,6.47,1.48
Bikers_Drivers,start,persona_x_initial_plan,240,10,26747.63762624497483226746,8080.84933815476151893000,4.17,1.1,2.64,0.42,1.21
Retail,free,persona_x_initial_plan,490,10,30051.13184953950329992879,6753.20560036244597311000,2.04,1.1,5.39,0.2,1.01
Wholesale,start,persona_x_initial_plan,97,10,17165.92042309172777684050,9377.15833887021034092000,10.31,1.1,1.07,1.03,1.4
Bankers_Insurance,free,persona_x_initial_plan,80,9,11341.56530380785952895561,7099.83341658295824926400,11.25,0.99,0.88,1.12,1.06
Wholesale,plus,persona_x_initial_plan,47,9,16459.45972674096203632923,10338.59995948116820050000,19.15,0.99,0.52,1.91,1.55
Media_Publishing,plus,persona_x_initial_plan,22,8,7587.40047280494388884983,5469.84811663732473292000,36.36,0.88,0.24,3.64,0.82
Professeur,start,persona_x_initial_plan,135,8,15945.18210089440771314224,5460.52491656462735846000,5.93,0.88,1.49,0.59,0.82
Retail,business,persona_x_initial_plan,14,6,5473.45187660848110609090,4051.03804717427454602000,42.86,0.66,0.15,4.28,0.61
Wholesale,business,persona_x_initial_plan,11,5,4473.25797007215774517300,2822.93480807806050807100,45.45,0.55,0.12,4.54,0.42
Bankers_Insurance,start,persona_x_initial_plan,47,4,7176.22423239604606019030,3274.83984156824478705000,8.51,0.44,0.52,0.85,0.49
Bikers_Drivers,free,persona_x_initial_plan,198,4,11656.17921773058736096021,1653.91054736424581448000,2.02,0.44,2.18,0.2,0.25
Consultant,business,persona_x_initial_plan,16,4,4500.58985340402175806576,2165.52811988848716963301,25.0,0.44,0.18,2.5,0.32
Wholesale,free,persona_x_initial_plan,55,4,4317.35820793727446301346,1732.08554401320554358866,7.27,0.44,0.61,0.73,0.26
Automobile_Trade_Repair,free,persona_x_initial_plan,116,3,6960.51581473535752202705,1287.31018047271274996890,2.59,0.33,1.28,0.26,0.19
Bankers_Insurance,plus,persona_x_initial_plan,6,3,2640.88668579660354128000,1920.44311767770090900000,50.0,0.33,0.07,5.0,0.29
Cleaning_CallCenters,plus,persona_x_initial_plan,9,3,3120.44527434323949821340,2247.88969996678427120640,33.33,0.33,0.1,3.33,0.34
Developer_IT,business,persona_x_initial_plan,9,3,3904.22903438323297656586,2286.54894994167604814000,33.33,0.33,0.1,3.33,0.34
Medical_Professionals,plus,persona_x_initial_plan,7,3,4621.53870836323180589600,4083.46800832149997550000,42.86,0.33,0.08,4.28,0.61
Professeur,plus,persona_x_initial_plan,16,3,3763.59375407339379767748,2037.04703562465119728548,18.75,0.33,0.18,1.87,0.31
Restauration,free,persona_x_initial_plan,91,3,7408.91567900177649611376,1916.31574562518877712600,3.3,0.33,1.0,0.33,0.29
Repair_Installation,plus,persona_x_initial_plan,4,2,1703.29463719053303512900,1374.58271641314546300000,50.0,0.22,0.04,5.0,0.21
Repair_Installation,start,persona_x_initial_plan,14,2,2434.52785458081878675600,1037.13528720306586008300,14.29,0.22,0.15,1.43,0.16
Cleaning_CallCenters,business,persona_x_initial_plan,1,1,342.55563600542407102200,342.55563600542407102200,100.0,0.11,0.01,10.0,0.05
Cleaning_CallCenters,start,persona_x_initial_plan,15,1,1782.58741914344076499300,408.25676295507515492000,6.67,0.11,0.17,0.67,0.06
Media_Publishing,business,persona_x_initial_plan,2,1,562.76492673510150144800,416.95362802356098090000,50.0,0.11,0.02,5.0,0.06
Medical_Professionals,free,persona_x_initial_plan,38,1,2092.78117589490682875684,537.09914852383580971900,2.63,0.11,0.42,0.26,0.08
Medical_Professionals,start,persona_x_initial_plan,56,1,5119.05654409044136851763,401.33705955026297800000,1.79,0.11,0.62,0.18,0.06
Professeur,business,persona_x_initial_plan,3,1,1590.84994541946439026880,1218.31249647451781260000,33.33,0.11,0.03,3.33,0.18
Restauration,business,persona_x_initial_plan,2,1,474.08813890758669676000,339.83300564164373556000,50.0,0.11,0.02,5.0,0.05
Cleaning_CallCenters,free,persona_x_initial_plan,19,0,813.47455466641506446422,,0.0,0.0,0.21,0.0,0.0
Media_Publishing,free,persona_x_initial_plan,158,0,7086.30822861913082681929,,0.0,0.0,1.74,0.0,0.0
Professeur,free,persona_x_initial_plan,124,0,4995.51100843857661122475,,0.0,0.0,1.36,0.0,0.0
Repair,business,persona_x_initial_plan,1,0,140.33490961278893600000,,0.0,0.0,0.01,0.0,0.0
Repair,free,persona_x_initial_plan,33,0,1486.89137560752549373269,,0.0,0.0,0.36,0.0,0.0
Repair,plus,persona_x_initial_plan,6,0,717.41692163710284846020,,0.0,0.0,0.07,0.0,0.0
Repair,start,persona_x_initial_plan,29,0,2491.20345672735898758370,,0.0,0.0,0.32,0.0,0.0
Repair_Installation,free,persona_x_initial_plan,8,0,1146.76715643872415819900,,0.0,0.0,0.09,0.0,0.0
